Timestamp (IT),Type,Network,Message Type,Connected Profile,Brand Keyword,Received From (Network Name),Sent By (Sprout User),Native Permalink,Permalink,Message,Tags,Tags Applied By,First Tag Timestamp,Reply Status,Replied By,First Reply Timestamp,Completed Status,Completed By,Completed Timestamp,Liked Status,Liked By,Liked Timestamp,Hidden Status,Hidden By,Hidden Timestamp,Message ID,GUID (Internal Identifier),Parent Post ID,Ad ID,Ad Campaign ID,Ad Account ID,In Response To: Timestamp,In Response To: Message ID,In Response To: Message,Task Status,Task Assignee
2023-05-20 19:44:37,Incoming,Twitter,Tweet,,HP printer,enrico96f,,https://twitter.com/enrico96f/status/1659925598746157057,https://app.sproutsocial.com/profile/twitter/1583355903256023040/reply/7733343/t:1659925598746157057/?gid=2089983&pollinator_source=export,"HP Color LaserJet Pro Multifunction M479fdw Wireless Laser Printer with One-Year, Next-Business Day, Onsite Warranty, Works w 40DHZY0

https://t.co/GJVdJKZ24L",,,,No,,,No,,,No,,,No,,,1659925598746157057,t:1659925598746157057,,,,,,,,Not tasked,
2023-05-20 19:43:23,Incoming,Twitter,Tweet,,HP printer,benwokes014,,https://twitter.com/benwokes014/status/1659925287662960640,https://app.sproutsocial.com/profile/twitter/1260273690064744449/reply/7733343/t:1659925287662960640/?gid=2089983&pollinator_source=export,https://t.co/paix6uX6js HP Deskjet 2700 Series Ink Cartridge | Connect Wireless Network | 123 HP Setup #Computer #Printer #Drivers #Software,,,,No,,,No,,,No,,,No,,,1659925287662960640,t:1659925287662960640,,,,,,,,Not tasked,
2023-05-20 19:40:50,Incoming,Twitter,Tweet,,HP printer,benwokes014,,https://twitter.com/benwokes014/status/1659924649004638208,https://app.sproutsocial.com/profile/twitter/1260273690064744449/reply/7733343/t:1659924649004638208/?gid=2089983&pollinator_source=export,https://t.co/7Novt0Ph4D Download HP Printer Wireless or Wi-Fi Software SW | 123 HP Com #hpprinter #Computer #Printer #Drivers #Software,,,,No,,,No,,,No,,,No,,,1659924649004638208,t:1659924649004638208,,,,,,,,Not tasked,
2023-05-20 19:39:19,Incoming,Twitter,Tweet,,HP printer,benwokes014,,https://twitter.com/benwokes014/status/1659924266865893384,https://app.sproutsocial.com/profile/twitter/1260273690064744449/reply/7733343/t:1659924266865893384/?gid=2089983&pollinator_source=export,https://t.co/39C9BULzrG Create HP Smart App Account & Activate HP+ Printer (Windows + Mac) #Computer #Printer #Drivers #Software,,,,No,,,No,,,No,,,No,,,1659924266865893384,t:1659924266865893384,,,,,,,,Not tasked,
2023-05-20 19:37:58,Incoming,Twitter,Tweet,,HP printer,benwokes014,,https://twitter.com/benwokes014/status/1659923924442832898,https://app.sproutsocial.com/profile/twitter/1260273690064744449/reply/7733343/t:1659923924442832898/?gid=2089983&pollinator_source=export,"https://t.co/pFWlF8X5Tq https://t.co/d8SFGrgv9p HP DeskJet, ENVY Pro Printers Wireless WiFi SetUp | 123 HP Setup #Computer #Printer #Drivers #Software",,,,No,,,No,,,No,,,No,,,1659923924442832898,t:1659923924442832898,,,,,,,,Not tasked,
2023-05-20 19:31:28,Incoming,Twitter,Tweet,,HP printer,Baiday_,,https://twitter.com/Baiday_/status/1659922290555887619,https://app.sproutsocial.com/profile/twitter/1599872612674543617/reply/7733343/t:1659922290555887619/?gid=2089983&pollinator_source=export,"Famous Baiday Today!
Have you ever used a HP laptop, PC, printer or any HP brand gadget before?
Here's one of the persons who made it a possibility, William Redington Hewlett.
His name lives on!
‚Ä¢
Like, retweet & follow @baiday_
‚Ä¢ https://t.co/HOMPSSXroQ",,,,No,,,No,,,No,,,No,,,1659922290555887619,t:1659922290555887619,,,,,,,,Not tasked,
2023-05-20 19:31:28,Incoming,Twitter,Tweet,,HP printer,firestarter_dla,,https://twitter.com/firestarter_dla/status/1659922291977773057,https://app.sproutsocial.com/profile/twitter/74446576/reply/7733343/t:1659922291977773057/?gid=2089983&pollinator_source=export,@MartinSLewis My @HPUK printer is blocked as the @HP server has deleted all their firmware.  As I have not been able to use my printer for 10 days and I am paying for #hpinstantink what can i do,,,,No,,,No,,,No,,,No,,,1659922291977773057,t:1659922291977773057,,,,,,,,Not tasked,
2023-05-20 19:28:01,Incoming,Twitter,Tweet,,HP printer,TMDmag,,https://twitter.com/TMDmag/status/1659921423308054529,https://app.sproutsocial.com/profile/twitter/47957130/reply/7733343/t:1659921423308054529/?gid=2089983&pollinator_source=export,"Check out the Future of Medical Device Production by exploring HP's 5420W printer producing pure white parts that can be dyed, sterilized, and meet biocompatibility specifications. Register NOW for our May 23rd webinar which starts at 2 PM ET!!! https://t.co/J13kBFTNqE https://t.co/tOwtA2iEYo",,,,No,,,No,,,No,,,No,,,1659921423308054529,t:1659921423308054529,,,,,,,,Not tasked,
2023-05-20 19:27:57,Incoming,Twitter,Tweet,,HP printer,benwokes014,,https://twitter.com/benwokes014/status/1659921405155192835,https://app.sproutsocial.com/profile/twitter/1260273690064744449/reply/7733343/t:1659921405155192835/?gid=2089983&pollinator_source=export,"https://t.co/V6uFGLZyRf https://t.co/d8SFGrgv9p Clear HP Printer Error Code E0,2,3,4,5....49....0x6100004a? #Computer #Printer #Drivers #Software",,,,No,,,No,,,No,,,No,,,1659921405155192835,t:1659921405155192835,,,,,,,,Not tasked,
2023-05-20 19:24:15,Incoming,Twitter,Tweet,,HP printer,firestarter_dla,,https://twitter.com/firestarter_dla/status/1659920475433123841,https://app.sproutsocial.com/profile/twitter/74446576/reply/7733343/t:1659920475433123841/?gid=2089983&pollinator_source=export,@MartinSLewis I have an @HP printer which I have had for less than two years.  @HP are having a problem with their firmware which has stopped me from being able to use my printer for over 9 days and I am paying for an ink subscription - what can I do,,,,No,,,No,,,No,,,No,,,1659920475433123841,t:1659920475433123841,,,,,,,,Not tasked,
2023-05-20 19:22:38,Incoming,Twitter,Tweet,,HP printer,gitanjalibawa30,,https://twitter.com/gitanjalibawa30/status/1659920065612087297,https://app.sproutsocial.com/profile/twitter/190962645/reply/7733343/t:1659920065612087297/?gid=2089983&pollinator_source=export,"@amazonIN I buy hp desk jet printer through Amazon 
Before 5 Daya i lock the calls 3  to 4 time one executive come and he said colour ink is not working it s change 
No one come ... Till date 
Kindly don't buy on line this printer through Amazon it's really wrost experience",,,,No,,,No,,,No,,,No,,,1659920065612087297,t:1659920065612087297,,,,,,,,Not tasked,
2023-05-20 19:21:09,Incoming,Twitter,Tweet,,HP printer,benwokes014,,https://twitter.com/benwokes014/status/1659919692822200321,https://app.sproutsocial.com/profile/twitter/1260273690064744449/reply/7733343/t:1659919692822200321/?gid=2089983&pollinator_source=export,https://t.co/kLoQjqVxAu HP Printer Error Codes List and Solutions #shorts #printer #Computer #Printer #Drivers #Software,,,,No,,,No,,,No,,,No,,,1659919692822200321,t:1659919692822200321,,,,,,,,Not tasked,
2023-05-20 19:19:38,Incoming,Twitter,Tweet,,HP printer,benwokes014,,https://twitter.com/benwokes014/status/1659919313145307140,https://app.sproutsocial.com/profile/twitter/1260273690064744449/reply/7733343/t:1659919313145307140/?gid=2089983&pollinator_source=export,https://t.co/KWlyYqJv0N HP Envy 6430e Color Ink Jet Printer Setup & Wireless Print - 123 HP #Computer #Printer #Drivers #Software,,,,No,,,No,,,No,,,No,,,1659919313145307140,t:1659919313145307140,,,,,,,,Not tasked,
2023-05-20 19:19:21,Incoming,Twitter,Tweet,,HP printer,ondrickamtntb,,https://twitter.com/ondrickamtntb/status/1659919239128444929,https://app.sproutsocial.com/profile/twitter/1579898844250243072/reply/7733343/t:1659919239128444929/?gid=2089983&pollinator_source=export,"1 color For HP 771 DesignJet Printhead CE017A CE018A CE019A CE020A Print Head For HP Designjet Z6200 Z6600 Z6800 Printer Head ERMNCEP

https://t.co/X0DsFsXi4P https://t.co/rCzTuXseWI",,,,No,,,No,,,No,,,No,,,1659919239128444929,t:1659919239128444929,,,,,,,,Not tasked,
2023-05-20 19:18:07,Incoming,Twitter,Tweet,,HP printer,benwokes014,,https://twitter.com/benwokes014/status/1659918931014955009,https://app.sproutsocial.com/profile/twitter/1260273690064744449/reply/7733343/t:1659918931014955009/?gid=2089983&pollinator_source=export,https://t.co/60vWsBFQqF How to Download & Install HP Printer Drivers on Windows 10 & 11? | #Driver #Computer #Printer #Drivers #Software,,,,No,,,No,,,No,,,No,,,1659918931014955009,t:1659918931014955009,,,,,,,,Not tasked,
2023-05-20 19:16:29,Incoming,Twitter,Tweet,,HP printer,hillary9a,,https://twitter.com/hillary9a/status/1659918519285194755,https://app.sproutsocial.com/profile/twitter/1585704014615674880/reply/7733343/t:1659918519285194755/?gid=2089983&pollinator_source=export,"For HP 727 Cartridge Chip New Upgrade HP727 Chip For HP DesignJet T920 T930 T1500 T1530 T2500 T2530 Printer (PBK C M Y GY MBK) VFZWWVS

https://t.co/AM0cpa77jX https://t.co/fhMn38xjL6",,,,No,,,No,,,No,,,No,,,1659918519285194755,t:1659918519285194755,,,,,,,,Not tasked,
2023-05-20 19:15:01,Incoming,Twitter,Tweet,,HP printer,MstamlEstates,,https://twitter.com/MstamlEstates/status/1659918148974309378,https://app.sproutsocial.com/profile/twitter/342650452/reply/7733343/t:1659918148974309378/?gid=2089983&pollinator_source=export,"printer HP  ŸÇÿ∑ÿπÿ© 11 - ÿ¥ÿßÿ±ÿπ 191  ŸÖÿßÿ±ŸÉÿ©  ŸÅŸä ÿßŸÑÿ≥ÿßŸÑŸÖŸäÿ© ÿ®ÿ≥ÿπÿ± 50 ÿØŸäŸÜÿßÿ± ŸÉŸàŸäÿ™Ÿä
ŸÑŸÑÿ™ŸàÿßÿµŸÑ ŸÖÿπ ÿßŸÑŸÖÿπŸÑŸÜ üëá :
 https://t.co/ZwLxy2jYXi
#ŸÖÿ≥ÿ™ÿπŸÖŸÑ_ÿßŸÑŸÉŸàŸäÿ™ #ÿ∑ÿßÿ®ÿπÿ© #HP https://t.co/p4VZEzTRQO",,,,No,,,No,,,No,,,No,,,1659918148974309378,t:1659918148974309378,,,,,,,,Not tasked,
2023-05-20 19:11:32,Incoming,Twitter,Tweet,,HP printer,JudgePfannerst1,,https://twitter.com/JudgePfannerst1/status/1659917272872284160,https://app.sproutsocial.com/profile/twitter/1580200569880416258/reply/7733343/t:1659917272872284160/?gid=2089983&pollinator_source=export,"befon 650XL Ink Cartridge Replacement for HP 650 HP650 XL Compatible for hp Deskjet 1015 1515 2515 2545 2645 3515 4645 Printer OMSA2AL

https://t.co/knkWJ1upbY https://t.co/qbcYiutzgB",,,,No,,,No,,,No,,,No,,,1659917272872284160,t:1659917272872284160,,,,,,,,Not tasked,
2023-05-20 18:57:28,Incoming,Twitter,Tweet,,HP printer,Easter12V,,https://twitter.com/Easter12V/status/1659913735635365889,https://app.sproutsocial.com/profile/twitter/1575132279155793920/reply/7733343/t:1659913735635365889/?gid=2089983&pollinator_source=export,"befon 902XL Compatible Ink Cartridge Replacement for HP902 HP 902 XL for OfficeJet Pro 6954 6960 6962  6968  6975 Printer JT8G3E7

https://t.co/7YSunT1pr6 https://t.co/1tC7xBZiSJ",,,,No,,,No,,,No,,,No,,,1659913735635365889,t:1659913735635365889,,,,,,,,Not tasked,
2023-05-20 18:57:15,Incoming,Twitter,Tweet,,HP printer,hillleiv,,https://twitter.com/hillleiv/status/1659913679431692288,https://app.sproutsocial.com/profile/twitter/1581484015600783360/reply/7733343/t:1659913679431692288/?gid=2089983&pollinator_source=export,"HUHIKAB 122XL Ink Cartridge Replacement For HP 122 Deskjet 3050a 3051a 3052a 3054a 3055a 3056a 3057a 3059a 3510 3511 Printer 7VZPJRS

https://t.co/yNDHQ2KMtP https://t.co/zKR94gVMnA",,,,No,,,No,,,No,,,No,,,1659913679431692288,t:1659913679431692288,,,,,,,,Not tasked,
2023-05-20 18:56:36,Incoming,Twitter,Tweet,,HP printer,hackettkgth,,https://twitter.com/hackettkgth/status/1659913517531643907,https://app.sproutsocial.com/profile/twitter/1581923883741024256/reply/7733343/t:1659913517531643907/?gid=2089983&pollinator_source=export,"Icehtank Printer Ink For Hp For Epson For Canon For Brother Lexmark for Hp 304 301 302 Ink cartridge  Universal CISS Refill Ink ICKL2XJ

https://t.co/8uU8kWq9OE https://t.co/h4ztz1GvEq",,,,No,,,No,,,No,,,No,,,1659913517531643907,t:1659913517531643907,,,,,,,,Not tasked,
2023-05-20 18:44:25,Incoming,Twitter,Tweet,,HP printer,gennaro97ox,,https://twitter.com/gennaro97ox/status/1659910451407323137,https://app.sproutsocial.com/profile/twitter/1581586397445718017/reply/7733343/t:1659910451407323137/?gid=2089983&pollinator_source=export,"CMYK SUPPLIES  Compatible HP 655 XL Ink Cartridge for HP655 Deskjet 5525 6520 6525 6625 3525 4615 4625 Printer with chip FBXZFSZ

https://t.co/vqRtaXgLwG https://t.co/qdGjBG5k31",,,,No,,,No,,,No,,,No,,,1659910451407323137,t:1659910451407323137,,,,,,,,Not tasked,
2023-05-20 18:23:53,Incoming,Twitter,Tweet,,HP printer,ShoppingAlertUK,,https://twitter.com/ShoppingAlertUK/status/1659905280208171009,https://app.sproutsocial.com/profile/twitter/1463025780041072641/reply/7733343/t:1659905280208171009/?gid=2089983&pollinator_source=export,"HP Laser Printer,White,Hewlett Packard D9L20A #Amazonüá¨üáß
https://t.co/BLMaVRde9H",,,,No,,,No,,,No,,,No,,,1659905280208171009,t:1659905280208171009,,,,,,,,Not tasked,
2023-05-20 18:19:48,Incoming,Twitter,Tweet,,HP printer,dietrich15dmm,,https://twitter.com/dietrich15dmm/status/1659904252901314560,https://app.sproutsocial.com/profile/twitter/1581673748092051459/reply/7733343/t:1659904252901314560/?gid=2089983&pollinator_source=export,"USB Print Cable Type A To B Printer Cable For Canon Epson HP Label Printer USB Scanner Cord High Speed Fax Machine Printing Wire WBBWWSD

https://t.co/bapkeCrXD4 https://t.co/DGWy7Qqoa3",,,,No,,,No,,,No,,,No,,,1659904252901314560,t:1659904252901314560,,,,,,,,Not tasked,
2023-05-20 18:13:29,Incoming,Twitter,Tweet,,HP printer,Swapnil1Mane,,https://twitter.com/Swapnil1Mane/status/1659902666900930562,https://app.sproutsocial.com/profile/twitter/328543597/reply/7733343/t:1659902666900930562/?gid=2089983&pollinator_source=export,"@Disciplined_Inv Once I had ordered a hp printer cartridge and received a duplicate one, I have stopped buying from flipkart since then.",,,,No,,,No,,,No,,,No,,,1659902666900930562,t:1659902666900930562,,,,,,,,Not tasked,
