0,"RT @martinezcarin: Hola! ğŸ‘‹ğŸ¼
Vendo una notebook HP Laptop Model 15-da0073wm por 2.300.000 gs.
- 4 GB de RAM DDR4 (Expandible)
- 1 TB de discâ€¦"
1,"Buy The sleek (New) HP Victus 15 Gaming Laptop | AMD Ryzen 5 5600H | Up to 4.2GHz (6 Cores, 12 Threads) | 16GB DDR4â€¦ https://t.co/e650RjAa0P"
2,"INFO DISKON/PROMO

Claim voucher pay day Shopee
ğŸ“https://t.co/jIsDfNMl8v

Claim voucher pesta gajian Lazada
ğŸ“â€¦ https://t.co/2MSqdWlRcU"
3,LAPTOP DEALS: HP EliteBook 850 G7 Intel i7-10610U CPU @ 1.80GHz 512GB SSD 16GB RAM Win 10 Proâ€¦ https://t.co/RhV8SL4viW
4,RT @giloshop: HP â€“ Envy 14â€³ 14-Es0033dx 2 In 1 Full HD Touch-Screen IPS Laptop â€“ Intel Core i7-1355U 13th Generation â€“ 16GB Memory â€“ 1TB SSâ€¦
5,"@lemonschweppes1 If this makes you feel better, I cried in a Barnes and Nobel parking lot the other day because I sâ€¦ https://t.co/jSz80Bv8z4"
6,Brand New HP ENVY Ã—360 2-in-1 Laptop 13-bf0013dx | Intel Core i7-1250U (12Th Gen) | 4Cores/8Threads Upto 5.0GHz | 8â€¦ https://t.co/bH579ZVuBU
7,"HP Pavi x360 Conv14-dy0063TU &amp; 14-dy0064TU Laptop/14""/Intel Core i5-1135G7/8GB/Intel Iris 

â­ : 4,9
Link Produk :â€¦ https://t.co/tGUsEmsMtP"
8,"@moonlighteyesss @PPDBDKI1 mjb, coba pake laptop kak daftarnya, soalnya aku di hp juga kayak gitu tapi pas pake laptop bisaa"
9,https://t.co/gn3H95LNFe
10,https://t.co/Wue5bO2Zpr
11,"@tanyakanrl Sdh cb buka di PC a/ laptop? Klo blm, cb deh. Nti ada pilihan ""lupa kata sandi"". 
[Attn. : email nya hrâ€¦ https://t.co/qXFSeCtNkk"
12,"RT @QualityGadgets_: Premium Used HP Spectre Pro G2 Laptop

256gb SSD | 8gb RAM | intel core i5 

14 inches screen | Touchscreen | x360

HDâ€¦"
13,"RT @QualityGadgets_: Premium Used Hp EliteBook 830 G6 Laptop

256gb SSD | 8gb RAM | intel core i5 

13 inches screen | Touchscreen | 360 Roâ€¦"
14,"RT @QualityGadgets_: Premium Used Hp EliteBook 830 G5 Laptop

256gb SSD | 8gb RAM | intel core i5 

14 inches screen | Touchscreen | sim Caâ€¦"
15,@woodruffsantafe @keithboykin @Target Have a pricey hp laptop in my online cart as we speakâ€¦ hate to give the businâ€¦ https://t.co/C7krxFBtNp
16,"RT @QualityGadgets_: Premium Used HP Spectre Pro G2 Laptop

256gb SSD | 8gb RAM | intel core i5 

14 inches screen | Touchscreen | x360

HDâ€¦"
17,ya allah ya tuhan charger ga boleh mati woi ini charged laptop gw pake buat hp mulu soalnya panjang malah putul
18,"RT @QualityGadgets_: Premium Used Hp EliteBook 830 G6 Laptop

256gb SSD | 8gb RAM | intel core i5 

13 inches screen | Touchscreen | 360 Roâ€¦"
19,"RT @salma_zeinab: ğŸ’¥LAPTOP TABLETğŸ’¥
21,999 KSH 
(PRICE SLASHED)
 0711686637

HP REVOLVE 810 Touchscreen 
Corei5
8 GB RAM 
256 GB SSD
Convertiâ€¦"
20,"RT @QualityGadgets_: Premium Used Hp EliteBook 830 G5 Laptop

256gb SSD | 8gb RAM | intel core i5 

14 inches screen | Touchscreen | sim Caâ€¦"
21,"RT @salma_zeinab: ğŸ’¥LAPTOP TABLETğŸ’¥
21,999 KSH 
(PRICE SLASHED)
 0711686637

HP REVOLVE 810 Touchscreen 
Corei5
8 GB RAM 
256 GB SSD
Convertiâ€¦"
22,"Regstreekse stroomskakel vir ItaliÃ« vs NigeriÃ« U20 WÃªreldbeker-sokkertoernooi 2023 ArgentiniÃ«, kyk aanlyn op selfonâ€¦ https://t.co/2bs41XK8wz"
23,"RT @Tyler_mbaya: Hp Elitebook 820 
Intel core  i7 
Storage 8gb ram/500gb hdd
Size 12.5 inches 
Comes with laptop bag 
Price 27500
Contact 0â€¦"
24,"RT @Tyler_mbaya: Hp Elitebook 820 
Intel core  i7 
Storage 8gb ram/500gb hdd
Size 12.5 inches 
Comes with laptop bag 
Price 27500
Contact 0â€¦"
25,"Collegamento in diretta streaming per Italia vs Nigeria Coppa del Mondo U20 2023 Argentina, guarda online su cellulâ€¦ https://t.co/vbkRLhAoV1"
26,"Live Streaming Link for Italy vs Nigeria U20 World Cup 2023 Argentina, Watch Online on Cellphones and Laptopsâ€¦ https://t.co/HiyPWNDvwF"
27,"Link Live Streaming Italia vs Nigeria Piala Dunia U20 2023 Argentina, Nonton Secara Online di Hp dan Laptop

https://t.co/5bsVLbYOc6"
28,"Link Live Streaming Italia vs Nigeria Piala Dunia U20 2023 Argentina, Nonton Secara Online di Hp dan Laptopâ€¦ https://t.co/HR7cVeuLLg"
29,"RT @Tyler_mbaya: Hp Elitebook 820 
Intel core  i7 
Storage 8gb ram/500gb hdd
Size 12.5 inches 
Comes with laptop bag 
Price 27500
Contact 0â€¦"
30,"RT @salma_zeinab: ğŸ’¥LAPTOP TABLETğŸ’¥
21,999 KSH 
(PRICE SLASHED)
 0711686637

HP REVOLVE 810 Touchscreen 
Corei5
8 GB RAM 
256 GB SSD
Convertiâ€¦"
31,"RT @salma_zeinab: ğŸ’¥LAPTOP TABLETğŸ’¥
21,999 KSH 
(PRICE SLASHED)
 0711686637

HP REVOLVE 810 Touchscreen 
Corei5
8 GB RAM 
256 GB SSD
Convertiâ€¦"
32,"RT @salma_zeinab: ğŸ’¥LAPTOP TABLETğŸ’¥
21,999 KSH 
(PRICE SLASHED)
 0711686637

HP REVOLVE 810 Touchscreen 
Corei5
8 GB RAM 
256 GB SSD
Convertiâ€¦"
33,"RT @Tyler_mbaya: Hp Elitebook 820 
Intel core  i7 
Storage 8gb ram/500gb hdd
Size 12.5 inches 
Comes with laptop bag 
Price 27500
Contact 0â€¦"
34,"RT @Tyler_mbaya: Hp Elitebook 820 
Intel core  i7 
Storage 8gb ram/500gb hdd
Size 12.5 inches 
Comes with laptop bag 
Price 27500
Contact 0â€¦"
35,"RT @Tyler_mbaya: Hp Elitebook 820 
Intel core  i7 
Storage 8gb ram/500gb hdd
Size 12.5 inches 
Comes with laptop bag 
Price 27500
Contact 0â€¦"
36,"RT @Tyler_mbaya: Hp Elitebook 820 
Intel core  i7 
Storage 8gb ram/500gb hdd
Size 12.5 inches 
Comes with laptop bag 
Price 27500
Contact 0â€¦"
37,"RT @Tyler_mbaya: Hp Elitebook 820 
Intel core  i7 
Storage 8gb ram/500gb hdd
Size 12.5 inches 
Comes with laptop bag 
Price 27500
Contact 0â€¦"
38,"RT @Tyler_mbaya: Hp Elitebook 820 
Intel core  i7 
Storage 8gb ram/500gb hdd
Size 12.5 inches 
Comes with laptop bag 
Price 27500
Contact 0â€¦"
39,"RT @Tyler_mbaya: Hp Elitebook 820 
Intel core  i7 
Storage 8gb ram/500gb hdd
Size 12.5 inches 
Comes with laptop bag 
Price 27500
Contact 0â€¦"
40,"RT @Tyler_mbaya: Hp Elitebook 820 
Intel core  i7 
Storage 8gb ram/500gb hdd
Size 12.5 inches 
Comes with laptop bag 
Price 27500
Contact 0â€¦"
41,"RT @Tyler_mbaya: Hp Elitebook 820 
Intel core  i7 
Storage 8gb ram/500gb hdd
Size 12.5 inches 
Comes with laptop bag 
Price 27500
Contact 0â€¦"
42,"RT @Tyler_mbaya: Hp Elitebook 820 
Intel core  i7 
Storage 8gb ram/500gb hdd
Size 12.5 inches 
Comes with laptop bag 
Price 27500
Contact 0â€¦"
43,"RT @Tyler_mbaya: Hp Elitebook 820 
Intel core  i7 
Storage 8gb ram/500gb hdd
Size 12.5 inches 
Comes with laptop bag 
Price 27500
Contact 0â€¦"
44,"RT @Tyler_mbaya: Hp Elitebook 820 
Intel core  i7 
Storage 8gb ram/500gb hdd
Size 12.5 inches 
Comes with laptop bag 
Price 27500
Contact 0â€¦"
45,"RT @Tyler_mbaya: Hp Elitebook 820 
Intel core  i7 
Storage 8gb ram/500gb hdd
Size 12.5 inches 
Comes with laptop bag 
Price 27500
Contact 0â€¦"
46,"RT @Tyler_mbaya: Hp Elitebook 820 
Intel core  i7 
Storage 8gb ram/500gb hdd
Size 12.5 inches 
Comes with laptop bag 
Price 27500
Contact 0â€¦"
47,"RT @Tyler_mbaya: Hp Elitebook 820 
Intel core  i7 
Storage 8gb ram/500gb hdd
Size 12.5 inches 
Comes with laptop bag 
Price 27500
Contact 0â€¦"
48,"RT @salma_zeinab: ğŸ’¥LAPTOP TABLETğŸ’¥
21,999 KSH 
(PRICE SLASHED)
 0711686637

HP REVOLVE 810 Touchscreen 
Corei5
8 GB RAM 
256 GB SSD
Convertiâ€¦"
49,"RT @salma_zeinab: ğŸ’¥LAPTOP TABLETğŸ’¥
21,999 KSH 
(PRICE SLASHED)
 0711686637

HP REVOLVE 810 Touchscreen 
Corei5
8 GB RAM 
256 GB SSD
Convertiâ€¦"
50,https://t.co/ov5WR3AtDK
51,"RT @Tyler_mbaya: Hp Elitebook 820 
Intel core  i7 
Storage 8gb ram/500gb hdd
Size 12.5 inches 
Comes with laptop bag 
Price 27500
Contact 0â€¦"
52,"RT @salma_zeinab: ğŸ’¥LAPTOP TABLETğŸ’¥
21,999 KSH 
(PRICE SLASHED)
 0711686637

HP REVOLVE 810 Touchscreen 
Corei5
8 GB RAM 
256 GB SSD
Convertiâ€¦"
53,ya kesalahan ngechat dospem bengi2 dinteni yo g ngara bales. tapi jare wonge gaopo soale wonge free ne bengi tapi pâ€¦ https://t.co/khEZiLAtsz
54,"RT @salma_zeinab: ğŸ’¥LAPTOP TABLETğŸ’¥
21,999 KSH 
(PRICE SLASHED)
 0711686637

HP REVOLVE 810 Touchscreen 
Corei5
8 GB RAM 
256 GB SSD
Convertiâ€¦"
55,"RT @salma_zeinab: ğŸ’¥LAPTOP TABLETğŸ’¥
21,999 KSH 
(PRICE SLASHED)
 0711686637

HP REVOLVE 810 Touchscreen 
Corei5
8 GB RAM 
256 GB SSD
Convertiâ€¦"
56,@Itz_Diabolical @kidwithnodiaper Keep in touch with this community cause i donâ€™t necessarily need a set up. I see aâ€¦ https://t.co/JrwUO2UJOl
57,"RT @salma_zeinab: ğŸ’¥LAPTOP TABLETğŸ’¥
21,999 KSH 
(PRICE SLASHED)
 0711686637

HP REVOLVE 810 Touchscreen 
Corei5
8 GB RAM 
256 GB SSD
Convertiâ€¦"
58,"RT @salma_zeinab: ğŸ’¥LAPTOP TABLETğŸ’¥
21,999 KSH 
(PRICE SLASHED)
 0711686637

HP REVOLVE 810 Touchscreen 
Corei5
8 GB RAM 
256 GB SSD
Convertiâ€¦"
59,"RT @salma_zeinab: ğŸ’¥LAPTOP TABLETğŸ’¥
21,999 KSH 
(PRICE SLASHED)
 0711686637

HP REVOLVE 810 Touchscreen 
Corei5
8 GB RAM 
256 GB SSD
Convertiâ€¦"
60,"RT @salma_zeinab: ğŸ’¥LAPTOP TABLETğŸ’¥
21,999 KSH 
(PRICE SLASHED)
 0711686637

HP REVOLVE 810 Touchscreen 
Corei5
8 GB RAM 
256 GB SSD
Convertiâ€¦"
61,"RT @salma_zeinab: ğŸ’¥LAPTOP TABLETğŸ’¥
21,999 KSH 
(PRICE SLASHED)
 0711686637

HP REVOLVE 810 Touchscreen 
Corei5
8 GB RAM 
256 GB SSD
Convertiâ€¦"
62,"RT @salma_zeinab: ğŸ’¥LAPTOP TABLETğŸ’¥
21,999 KSH 
(PRICE SLASHED)
 0711686637

HP REVOLVE 810 Touchscreen 
Corei5
8 GB RAM 
256 GB SSD
Convertiâ€¦"
63,"RT @salma_zeinab: ğŸ’¥LAPTOP TABLETğŸ’¥
21,999 KSH 
(PRICE SLASHED)
 0711686637

HP REVOLVE 810 Touchscreen 
Corei5
8 GB RAM 
256 GB SSD
Convertiâ€¦"
64,"RT @salma_zeinab: ğŸ’¥LAPTOP TABLETğŸ’¥
21,999 KSH 
(PRICE SLASHED)
 0711686637

HP REVOLVE 810 Touchscreen 
Corei5
8 GB RAM 
256 GB SSD
Convertiâ€¦"
65,"RT @salma_zeinab: ğŸ’¥LAPTOP TABLETğŸ’¥
21,999 KSH 
(PRICE SLASHED)
 0711686637

HP REVOLVE 810 Touchscreen 
Corei5
8 GB RAM 
256 GB SSD
Convertiâ€¦"
66,"RT @salma_zeinab: ğŸ’¥LAPTOP TABLETğŸ’¥
21,999 KSH 
(PRICE SLASHED)
 0711686637

HP REVOLVE 810 Touchscreen 
Corei5
8 GB RAM 
256 GB SSD
Convertiâ€¦"
67,"RT @salma_zeinab: ğŸ’¥LAPTOP TABLETğŸ’¥
21,999 KSH 
(PRICE SLASHED)
 0711686637

HP REVOLVE 810 Touchscreen 
Corei5
8 GB RAM 
256 GB SSD
Convertiâ€¦"
68,"RT @salma_zeinab: ğŸ’¥LAPTOP TABLETğŸ’¥
21,999 KSH 
(PRICE SLASHED)
 0711686637

HP REVOLVE 810 Touchscreen 
Corei5
8 GB RAM 
256 GB SSD
Convertiâ€¦"
69,"RT @salma_zeinab: ğŸ’¥LAPTOP TABLETğŸ’¥
21,999 KSH 
(PRICE SLASHED)
 0711686637

HP REVOLVE 810 Touchscreen 
Corei5
8 GB RAM 
256 GB SSD
Convertiâ€¦"
70,"- nah klo jaman gue ituu, gue tuh punyanya gameboy (warna putih), beli krn temen"" tk gue punyağŸ˜­ dlu suka main apa yâ€¦ https://t.co/DW3EB4JpB4"
71,"RT @salma_zeinab: ğŸ’¥LAPTOP TABLETğŸ’¥
21,999 KSH 
(PRICE SLASHED)
 0711686637

HP REVOLVE 810 Touchscreen 
Corei5
8 GB RAM 
256 GB SSD
Convertiâ€¦"
72,"RT @salma_zeinab: ğŸ’¥LAPTOP TABLETğŸ’¥
21,999 KSH 
(PRICE SLASHED)
 0711686637

HP REVOLVE 810 Touchscreen 
Corei5
8 GB RAM 
256 GB SSD
Convertiâ€¦"
73,"RT @salma_zeinab: ğŸ’¥LAPTOP TABLETğŸ’¥
21,999 KSH 
(PRICE SLASHED)
 0711686637

HP REVOLVE 810 Touchscreen 
Corei5
8 GB RAM 
256 GB SSD
Convertiâ€¦"
74,"RT @salma_zeinab: ğŸ’¥LAPTOP TABLETğŸ’¥
21,999 KSH 
(PRICE SLASHED)
 0711686637

HP REVOLVE 810 Touchscreen 
Corei5
8 GB RAM 
256 GB SSD
Convertiâ€¦"
75,"RT @salma_zeinab: ğŸ’¥LAPTOP TABLETğŸ’¥
21,999 KSH 
(PRICE SLASHED)
 0711686637

HP REVOLVE 810 Touchscreen 
Corei5
8 GB RAM 
256 GB SSD
Convertiâ€¦"
76,"RT @salma_zeinab: ğŸ’¥LAPTOP TABLETğŸ’¥
21,999 KSH 
(PRICE SLASHED)
 0711686637

HP REVOLVE 810 Touchscreen 
Corei5
8 GB RAM 
256 GB SSD
Convertiâ€¦"
77,"RT @salma_zeinab: ğŸ’¥LAPTOP TABLETğŸ’¥
21,999 KSH 
(PRICE SLASHED)
 0711686637

HP REVOLVE 810 Touchscreen 
Corei5
8 GB RAM 
256 GB SSD
Convertiâ€¦"
78,"RT @salma_zeinab: ğŸ’¥LAPTOP TABLETğŸ’¥
21,999 KSH 
(PRICE SLASHED)
 0711686637

HP REVOLVE 810 Touchscreen 
Corei5
8 GB RAM 
256 GB SSD
Convertiâ€¦"
79,"RT @salma_zeinab: ğŸ’¥LAPTOP TABLETğŸ’¥
21,999 KSH 
(PRICE SLASHED)
 0711686637

HP REVOLVE 810 Touchscreen 
Corei5
8 GB RAM 
256 GB SSD
Convertiâ€¦"
80,"RT @salma_zeinab: ğŸ’¥LAPTOP TABLETğŸ’¥
21,999 KSH 
(PRICE SLASHED)
 0711686637

HP REVOLVE 810 Touchscreen 
Corei5
8 GB RAM 
256 GB SSD
Convertiâ€¦"
81,"RT @salma_zeinab: ğŸ’¥LAPTOP TABLETğŸ’¥
21,999 KSH 
(PRICE SLASHED)
 0711686637

HP REVOLVE 810 Touchscreen 
Corei5
8 GB RAM 
256 GB SSD
Convertiâ€¦"
82,"RT @salma_zeinab: ğŸ’¥LAPTOP TABLETğŸ’¥
21,999 KSH 
(PRICE SLASHED)
 0711686637

HP REVOLVE 810 Touchscreen 
Corei5
8 GB RAM 
256 GB SSD
Convertiâ€¦"
83,"RT @salma_zeinab: ğŸ’¥LAPTOP TABLETğŸ’¥
21,999 KSH 
(PRICE SLASHED)
 0711686637

HP REVOLVE 810 Touchscreen 
Corei5
8 GB RAM 
256 GB SSD
Convertiâ€¦"
84,"RT @salma_zeinab: ğŸ’¥LAPTOP TABLETğŸ’¥
21,999 KSH 
(PRICE SLASHED)
 0711686637

HP REVOLVE 810 Touchscreen 
Corei5
8 GB RAM 
256 GB SSD
Convertiâ€¦"
85,"RT @salma_zeinab: ğŸ’¥LAPTOP TABLETğŸ’¥
21,999 KSH 
(PRICE SLASHED)
 0711686637

HP REVOLVE 810 Touchscreen 
Corei5
8 GB RAM 
256 GB SSD
Convertiâ€¦"
86,"RT @salma_zeinab: ğŸ’¥LAPTOP TABLETğŸ’¥
21,999 KSH 
(PRICE SLASHED)
 0711686637

HP REVOLVE 810 Touchscreen 
Corei5
8 GB RAM 
256 GB SSD
Convertiâ€¦"
87,"RT @salma_zeinab: ğŸ’¥LAPTOP TABLETğŸ’¥
21,999 KSH 
(PRICE SLASHED)
 0711686637

HP REVOLVE 810 Touchscreen 
Corei5
8 GB RAM 
256 GB SSD
Convertiâ€¦"
88,"RT @salma_zeinab: ğŸ’¥LAPTOP TABLETğŸ’¥
21,999 KSH 
(PRICE SLASHED)
 0711686637

HP REVOLVE 810 Touchscreen 
Corei5
8 GB RAM 
256 GB SSD
Convertiâ€¦"
89,"RT @salma_zeinab: ğŸ’¥LAPTOP TABLETğŸ’¥
21,999 KSH 
(PRICE SLASHED)
 0711686637

HP REVOLVE 810 Touchscreen 
Corei5
8 GB RAM 
256 GB SSD
Convertiâ€¦"
90,"RT @salma_zeinab: ğŸ’¥LAPTOP TABLETğŸ’¥
21,999 KSH 
(PRICE SLASHED)
 0711686637

HP REVOLVE 810 Touchscreen 
Corei5
8 GB RAM 
256 GB SSD
Convertiâ€¦"
91,"RT @TechDropsDeals: eBay Certified Refurbished [$304.98, $395.00/56% off]: HP 17-cp0056nr 17.3â€ HD+ Laptop AMD Ryzen 3250U 8GB 256GB SSD Wiâ€¦"
92,"eBay Certified Refurbished [$304.98, $395.00/56% off]: HP 17-cp0056nr 17.3â€ HD+ Laptop AMD Ryzen 3250U 8GB 256GB SSâ€¦ https://t.co/R3mmNcBC66"
93,"RT @salma_zeinab: ğŸ’¥LAPTOP TABLETğŸ’¥
21,999 KSH 
(PRICE SLASHED)
 0711686637

HP REVOLVE 810 Touchscreen 
Corei5
8 GB RAM 
256 GB SSD
Convertiâ€¦"
94,@PO_LIILY Wkwkwkwkw kan ada laptop sama hp
95,"RT @salma_zeinab: ğŸ’¥LAPTOP TABLETğŸ’¥
21,999 KSH 
(PRICE SLASHED)
 0711686637

HP REVOLVE 810 Touchscreen 
Corei5
8 GB RAM 
256 GB SSD
Convertiâ€¦"
96,"Jadi kepikiran mo ganti hp baru, tp laptop juga perlu diganti juga. Hadeu"
97,"RT @salma_zeinab: ğŸ’¥LAPTOP TABLETğŸ’¥
21,999 KSH 
(PRICE SLASHED)
 0711686637

HP REVOLVE 810 Touchscreen 
Corei5
8 GB RAM 
256 GB SSD
Convertiâ€¦"
98,"@secretciaaa 2 hp 1 laptop (beda akun semua) stream yt, 1 hp buat hype twitter. Total jumlah stream gatau pokoknyaâ€¦ https://t.co/Sx6L7CRTQT"
99,"RT @salma_zeinab: ğŸ’¥LAPTOP TABLETğŸ’¥
21,999 KSH 
(PRICE SLASHED)
 0711686637

HP REVOLVE 810 Touchscreen 
Corei5
8 GB RAM 
256 GB SSD
Convertiâ€¦"
100,"RT @salma_zeinab: ğŸ’¥LAPTOP TABLETğŸ’¥
21,999 KSH 
(PRICE SLASHED)
 0711686637

HP REVOLVE 810 Touchscreen 
Corei5
8 GB RAM 
256 GB SSD
Convertiâ€¦"
101,"RT @salma_zeinab: ğŸ’¥LAPTOP TABLETğŸ’¥
21,999 KSH 
(PRICE SLASHED)
 0711686637

HP REVOLVE 810 Touchscreen 
Corei5
8 GB RAM 
256 GB SSD
Convertiâ€¦"
102,"@xkode06 Zonk tiba"" hp laptop ngelag semua ğŸ˜«
Ada lagi jam brp min?"
103,@sh0bhii Hp gaming laptop
104,"RT @salma_zeinab: ğŸ’¥LAPTOP TABLETğŸ’¥
21,999 KSH 
(PRICE SLASHED)
 0711686637

HP REVOLVE 810 Touchscreen 
Corei5
8 GB RAM 
256 GB SSD
Convertiâ€¦"
105,"RT @salma_zeinab: ğŸ’¥LAPTOP TABLETğŸ’¥
21,999 KSH 
(PRICE SLASHED)
 0711686637

HP REVOLVE 810 Touchscreen 
Corei5
8 GB RAM 
256 GB SSD
Convertiâ€¦"
106,"RT @Bagatelka1: Mam proÅ›bÄ™, czy ktoÅ› moÅ¼e poleciÄ‡ dobry laptop?Moje kolejne podejÅ›cie, bo w czasie pandemii rozwaliÅ‚am jeden, teraz szlag tâ€¦"
107,"RT @salma_zeinab: ğŸ’¥LAPTOP TABLETğŸ’¥
21,999 KSH 
(PRICE SLASHED)
 0711686637

HP REVOLVE 810 Touchscreen 
Corei5
8 GB RAM 
256 GB SSD
Convertiâ€¦"
108,"RT @salma_zeinab: ğŸ’¥LAPTOP TABLETğŸ’¥
21,999 KSH 
(PRICE SLASHED)
 0711686637

HP REVOLVE 810 Touchscreen 
Corei5
8 GB RAM 
256 GB SSD
Convertiâ€¦"
109,"@pejabrut @PNS_Ababil HP jadul, laptop jadul, makan uptodate https://t.co/mZiyTNtXfm"
110,"RT @salma_zeinab: ğŸ’¥LAPTOP TABLETğŸ’¥
21,999 KSH 
(PRICE SLASHED)
 0711686637

HP REVOLVE 810 Touchscreen 
Corei5
8 GB RAM 
256 GB SSD
Convertiâ€¦"
111,"Interessierte sollten sich beeilen, da das Angebot zeitlich begrenzt sein kann.: Entfesseln Sie Ihr Gaming-Potenziaâ€¦ https://t.co/hC96KdRsIZ"
112,"RT @martinezcarin: Hola! ğŸ‘‹ğŸ¼
Vendo una notebook HP Laptop Model 15-da0073wm por 2.300.000 gs.
- 4 GB de RAM DDR4 (Expandible)
- 1 TB de discâ€¦"
113,"We give you the best and affordable UK Used laptop....

HP EliteBook 840 G6
14-inch
Intel(R) Core i5-8th Gen 
@1.60â€¦ https://t.co/Q3ydzJVBaQ"
114,"RT @salma_zeinab: ğŸ’¥LAPTOP TABLETğŸ’¥
21,999 KSH 
(PRICE SLASHED)
 0711686637

HP REVOLVE 810 Touchscreen 
Corei5
8 GB RAM 
256 GB SSD
Convertiâ€¦"
115,"RT @salma_zeinab: ğŸ’¥LAPTOP TABLETğŸ’¥
21,999 KSH 
(PRICE SLASHED)
 0711686637

HP REVOLVE 810 Touchscreen 
Corei5
8 GB RAM 
256 GB SSD
Convertiâ€¦"
116,"RT @salma_zeinab: ğŸ’¥LAPTOP TABLETğŸ’¥
21,999 KSH 
(PRICE SLASHED)
 0711686637

HP REVOLVE 810 Touchscreen 
Corei5
8 GB RAM 
256 GB SSD
Convertiâ€¦"
117,"RT @martinezcarin: Hola! ğŸ‘‹ğŸ¼
Vendo una notebook HP Laptop Model 15-da0073wm por 2.300.000 gs.
- 4 GB de RAM DDR4 (Expandible)
- 1 TB de discâ€¦"
118,"RT @salma_zeinab: ğŸ’¥LAPTOP TABLETğŸ’¥
21,999 KSH 
(PRICE SLASHED)
 0711686637

HP REVOLVE 810 Touchscreen 
Corei5
8 GB RAM 
256 GB SSD
Convertiâ€¦"
119,"RT @salma_zeinab: ğŸ’¥LAPTOP TABLETğŸ’¥
21,999 KSH 
(PRICE SLASHED)
 0711686637

HP REVOLVE 810 Touchscreen 
Corei5
8 GB RAM 
256 GB SSD
Convertiâ€¦"
120,"RT @salma_zeinab: ğŸ’¥LAPTOP TABLETğŸ’¥
21,999 KSH 
(PRICE SLASHED)
 0711686637

HP REVOLVE 810 Touchscreen 
Corei5
8 GB RAM 
256 GB SSD
Convertiâ€¦"
121,"RT @salma_zeinab: ğŸ’¥LAPTOP TABLETğŸ’¥
21,999 KSH 
(PRICE SLASHED)
 0711686637

HP REVOLVE 810 Touchscreen 
Corei5
8 GB RAM 
256 GB SSD
Convertiâ€¦"
122,HP â€“ Envy 14â€³ 14-Es0033dx 2 In 1 Full HD Touch-Screen IPS Laptop â€“ Intel Core i7-1355U 13th Generation â€“ 16GB Memorâ€¦ https://t.co/DomJs6XVWi
123,"RT @salma_zeinab: ğŸ’¥LAPTOP TABLETğŸ’¥
21,999 KSH 
(PRICE SLASHED)
 0711686637

HP REVOLVE 810 Touchscreen 
Corei5
8 GB RAM 
256 GB SSD
Convertiâ€¦"
124,"RT @salma_zeinab: ğŸ’¥LAPTOP TABLETğŸ’¥
21,999 KSH 
(PRICE SLASHED)
 0711686637

HP REVOLVE 810 Touchscreen 
Corei5
8 GB RAM 
256 GB SSD
Convertiâ€¦"
125,"RT @salma_zeinab: ğŸ’¥LAPTOP TABLETğŸ’¥
21,999 KSH 
(PRICE SLASHED)
 0711686637

HP REVOLVE 810 Touchscreen 
Corei5
8 GB RAM 
256 GB SSD
Convertiâ€¦"
126,"RT @salma_zeinab: ğŸ’¥LAPTOP TABLETğŸ’¥
21,999 KSH 
(PRICE SLASHED)
 0711686637

HP REVOLVE 810 Touchscreen 
Corei5
8 GB RAM 
256 GB SSD
Convertiâ€¦"
127,"Pick Up Store ğŸ“ 6 Ola Ayeni Street Computer Village Ikeja Lagos Opposite 3chub 

#optimaltechlovesyou #bestpriceinnigeria #HP #laptop"
128,"HP ELITEBOOK 840 G6 Keyboard Light , Non Touch , Core i5 | 32gb Ram | 1TB SSD | Comes in Carton N280,000 ğŸ¥µ

With Frâ€¦ https://t.co/AqLhc9PZLq"
129,@prabhakarmathe1 Welcome to HP. we are sorry to hear about the experience you are facing with your HP ENVY x360 lapâ€¦ https://t.co/NsgBhpfCmD
130,"RT @salma_zeinab: ğŸ’¥LAPTOP TABLETğŸ’¥
21,999 KSH 
(PRICE SLASHED)
 0711686637

HP REVOLVE 810 Touchscreen 
Corei5
8 GB RAM 
256 GB SSD
Convertiâ€¦"
131,"RT @salma_zeinab: ğŸ’¥LAPTOP TABLETğŸ’¥
21,999 KSH 
(PRICE SLASHED)
 0711686637

HP REVOLVE 810 Touchscreen 
Corei5
8 GB RAM 
256 GB SSD
Convertiâ€¦"
132,"ngapa yaa gua klo kelamaan di depan laptop bakal sakit mata trus muntah ğŸ˜­ğŸ˜­ pdhl liat hp kaga ngapaÂ², apa gua alergi bljr yaa ğŸ¥²ğŸ¥²"
133,"RT @salma_zeinab: ğŸ’¥LAPTOP TABLETğŸ’¥
21,999 KSH 
(PRICE SLASHED)
 0711686637

HP REVOLVE 810 Touchscreen 
Corei5
8 GB RAM 
256 GB SSD
Convertiâ€¦"
134,"RT @salma_zeinab: ğŸ’¥LAPTOP TABLETğŸ’¥
21,999 KSH 
(PRICE SLASHED)
 0711686637

HP REVOLVE 810 Touchscreen 
Corei5
8 GB RAM 
256 GB SSD
Convertiâ€¦"
135,"RT @salma_zeinab: ğŸ’¥LAPTOP TABLETğŸ’¥
21,999 KSH 
(PRICE SLASHED)
 0711686637

HP REVOLVE 810 Touchscreen 
Corei5
8 GB RAM 
256 GB SSD
Convertiâ€¦"
136,@Jungkooknesia Indomy yang memiliki PC/laptop dan HP yang termotivasi untuk mendukung JJK1 serta membuat rekor LnRâ€¦ https://t.co/shVD3KpDYJ
137,RT @IGNDeals: The HP Memorial Day Sale is now live... score an HP OMEN 16 RTX 4060 gaming laptop for only $1199.99 or a super powerful HP Oâ€¦
138,@Jungkooknesia Indomy yang memiliki PC/laptop dan HP yang termotivasi untuk mendukung JJK1 serta membuat rekor LnRâ€¦ https://t.co/SXtsg6qtiY
139,"ğŸ’¥LAPTOP TABLETğŸ’¥
21,999 KSH 
(PRICE SLASHED)
 0711686637

HP REVOLVE 810 Touchscreen 
Corei5
8 GB RAM 
256 GB SSD
Coâ€¦ https://t.co/goGA90LF8z"
140,"RT @97NJMKOOKS: @JK_BRIndonesia Indomy yang memiliki PC/laptop dan HP yang termotivasi untuk mendukung JJK1 serta membuat rekor LnR 1B, ayoâ€¦"
141,@JK_BRIndonesia Indomy yang memiliki PC/laptop dan HP yang termotivasi untuk mendukung JJK1 serta membuat rekor LnRâ€¦ https://t.co/L8GwBEb3XO
142,"RT @Tyler_mbaya: Hp Elitebook 820 
Intel core  i7 
Storage 8gb ram/500gb hdd
Size 12.5 inches 
Comes with laptop bag 
Price 27500
Contact 0â€¦"
143,"RT @Tyler_mbaya: Hp Elitebook 820 
Intel core  i7 
Storage 8gb ram/500gb hdd
Size 12.5 inches 
Comes with laptop bag 
Price 27500
Contact 0â€¦"
144,"RT @Tyler_mbaya: Hp Elitebook 820 
Intel core  i7 
Storage 8gb ram/500gb hdd
Size 12.5 inches 
Comes with laptop bag 
Price 27500
Contact 0â€¦"
145,"RT @Tyler_mbaya: Hp Elitebook 820 
Intel core  i7 
Storage 8gb ram/500gb hdd
Size 12.5 inches 
Comes with laptop bag 
Price 27500
Contact 0â€¦"
146,"Buat yang uner:
Pakaianmu
Selimut klo butuh
Bahan mandi (sabun, shampo, odol, sikat gigi)
Uang secukupnya
HP
Obat,â€¦ https://t.co/X1qAVMw9m9"
147,"@HPIndia Dear your HP envy x360 13, Body is too weak. While opening screen it's broken from both side, is there anyâ€¦ https://t.co/b3h2WqbNZH"
148,"RT @martinezcarin: Hola! ğŸ‘‹ğŸ¼
Vendo una notebook HP Laptop Model 15-da0073wm por 2.300.000 gs.
- 4 GB de RAM DDR4 (Expandible)
- 1 TB de discâ€¦"
149,"RT @Tyler_mbaya: Hp Elitebook 820 
Intel core  i7 
Storage 8gb ram/500gb hdd
Size 12.5 inches 
Comes with laptop bag 
Price 27500
Contact 0â€¦"
150,"HP ku tiba-tiba mati sendiri dan gak bisa dinyalain wakakaka trus di laptop ternyata WA nya dah gak konek, wassalam ğŸ™"
151,@t0binatr1x https://t.co/yk6gyVyaA5 this one
152,"RT @Tyler_mbaya: Hp Elitebook 820 
Intel core  i7 
Storage 8gb ram/500gb hdd
Size 12.5 inches 
Comes with laptop bag 
Price 27500
Contact 0â€¦"
153,"Aksesoris HP dan Laptop terlengkap dan termurah. Powerbank, kabel data, charger, dan lainnya. 

Bisa kirim ke selurâ€¦ https://t.co/CvKzPGM6Ld"
154,"nyalain laptop tp main hp itu bukan tindakan kriminal, tp illegal ğŸ‘¹"
155,"RT @Tyler_mbaya: Hp Elitebook 820 
Intel core  i7 
Storage 8gb ram/500gb hdd
Size 12.5 inches 
Comes with laptop bag 
Price 27500
Contact 0â€¦"
156,"RT @Tyler_mbaya: Hp Elitebook 820 
Intel core  i7 
Storage 8gb ram/500gb hdd
Size 12.5 inches 
Comes with laptop bag 
Price 27500
Contact 0â€¦"
157,"RT @Tyler_mbaya: Hp Elitebook 820 
Intel core  i7 
Storage 8gb ram/500gb hdd
Size 12.5 inches 
Comes with laptop bag 
Price 27500
Contact 0â€¦"
158,"@ch_2309 Gua sd belum ada hp apalagi laptop
Maybe karna emang umur sm kakak abg juga beda 4 run doang kali ya
Jdi mâ€¦ https://t.co/0aakBc7TH0"
159,"RT @Tyler_mbaya: Hp Elitebook 820 
Intel core  i7 
Storage 8gb ram/500gb hdd
Size 12.5 inches 
Comes with laptop bag 
Price 27500
Contact 0â€¦"
160,"RT @Tyler_mbaya: Hp Elitebook 820 
Intel core  i7 
Storage 8gb ram/500gb hdd
Size 12.5 inches 
Comes with laptop bag 
Price 27500
Contact 0â€¦"
161,"RT @Tyler_mbaya: Hp Elitebook 820 
Intel core  i7 
Storage 8gb ram/500gb hdd
Size 12.5 inches 
Comes with laptop bag 
Price 27500
Contact 0â€¦"
162,"@luvzhanghao_s PLSS SAMA BGTğŸ˜­ğŸ˜­ğŸ˜­ Buka laptop, orangnya main hpâ€¦ skripsinya nonton aku main hpğŸ˜­ğŸ˜­ğŸ˜­"
163,"RT @Tyler_mbaya: Hp Elitebook 820 
Intel core  i7 
Storage 8gb ram/500gb hdd
Size 12.5 inches 
Comes with laptop bag 
Price 27500
Contact 0â€¦"
164,"RT @Tyler_mbaya: Hp Elitebook 820 
Intel core  i7 
Storage 8gb ram/500gb hdd
Size 12.5 inches 
Comes with laptop bag 
Price 27500
Contact 0â€¦"
165,"*Special OfferğŸ”¥*
Hp Laptop
Core I5-6200U 2.4 GHz
Intel HD graphics 520 up to 4 Gb
vga: AMD Radeon r5 M330 2 Gb up tâ€¦ https://t.co/9VFQl0Swgu"
166,"RT @Tyler_mbaya: Hp Elitebook 820 
Intel core  i7 
Storage 8gb ram/500gb hdd
Size 12.5 inches 
Comes with laptop bag 
Price 27500
Contact 0â€¦"
167,"RT @Tyler_mbaya: Hp Elitebook 820 
Intel core  i7 
Storage 8gb ram/500gb hdd
Size 12.5 inches 
Comes with laptop bag 
Price 27500
Contact 0â€¦"
168,"RT @Tyler_mbaya: Hp Elitebook 820 
Intel core  i7 
Storage 8gb ram/500gb hdd
Size 12.5 inches 
Comes with laptop bag 
Price 27500
Contact 0â€¦"
169,"RT @Tyler_mbaya: Hp Elitebook 820 
Intel core  i7 
Storage 8gb ram/500gb hdd
Size 12.5 inches 
Comes with laptop bag 
Price 27500
Contact 0â€¦"
170,menurut kalian bagusan laptop merk hp atau asus?
171,"*Hp Laptop*
Core I7-3630 QM 2.4 GHz
Intel HD graphics 4000
vga: Nvidia GeForce GT 630M
8 GB RAM (upgradable to 16 Gâ€¦ https://t.co/geIBp3zJ06"
172,"RT @Tyler_mbaya: Hp Elitebook 820 
Intel core  i7 
Storage 8gb ram/500gb hdd
Size 12.5 inches 
Comes with laptop bag 
Price 27500
Contact 0â€¦"
173,"RT @Tyler_mbaya: Hp Elitebook 820 
Intel core  i7 
Storage 8gb ram/500gb hdd
Size 12.5 inches 
Comes with laptop bag 
Price 27500
Contact 0â€¦"
174,"RT @Tyler_mbaya: Hp Elitebook 820 
Intel core  i7 
Storage 8gb ram/500gb hdd
Size 12.5 inches 
Comes with laptop bag 
Price 27500
Contact 0â€¦"
175,"RT @Tyler_mbaya: Hp Elitebook 820 
Intel core  i7 
Storage 8gb ram/500gb hdd
Size 12.5 inches 
Comes with laptop bag 
Price 27500
Contact 0â€¦"
176,"RT @Tyler_mbaya: Hp Elitebook 820 
Intel core  i7 
Storage 8gb ram/500gb hdd
Size 12.5 inches 
Comes with laptop bag 
Price 27500
Contact 0â€¦"
177,"RT @Tyler_mbaya: Hp Elitebook 820 
Intel core  i7 
Storage 8gb ram/500gb hdd
Size 12.5 inches 
Comes with laptop bag 
Price 27500
Contact 0â€¦"
178,"RT @Tyler_mbaya: Hp Elitebook 820 
Intel core  i7 
Storage 8gb ram/500gb hdd
Size 12.5 inches 
Comes with laptop bag 
Price 27500
Contact 0â€¦"
179,"RT @Tyler_mbaya: Hp Elitebook 820 
Intel core  i7 
Storage 8gb ram/500gb hdd
Size 12.5 inches 
Comes with laptop bag 
Price 27500
Contact 0â€¦"
180,"RT @Tyler_mbaya: Hp Elitebook 820 
Intel core  i7 
Storage 8gb ram/500gb hdd
Size 12.5 inches 
Comes with laptop bag 
Price 27500
Contact 0â€¦"
181,ternyata emang terbukti manusia gak pernah merasa puas :( dulu waktu punya notebook HP gara gara gak jadi beli laptâ€¦ https://t.co/e1WDhXoJ0Q
182,"RT @Tyler_mbaya: Hp Elitebook 820 
Intel core  i7 
Storage 8gb ram/500gb hdd
Size 12.5 inches 
Comes with laptop bag 
Price 27500
Contact 0â€¦"
183,"RT @Tyler_mbaya: Hp Elitebook 820 
Intel core  i7 
Storage 8gb ram/500gb hdd
Size 12.5 inches 
Comes with laptop bag 
Price 27500
Contact 0â€¦"
184,"RT @Tyler_mbaya: Hp Elitebook 820 
Intel core  i7 
Storage 8gb ram/500gb hdd
Size 12.5 inches 
Comes with laptop bag 
Price 27500
Contact 0â€¦"
185,"RT @Tyler_mbaya: Hp Elitebook 820 
Intel core  i7 
Storage 8gb ram/500gb hdd
Size 12.5 inches 
Comes with laptop bag 
Price 27500
Contact 0â€¦"
186,"RT @Tyler_mbaya: Hp Elitebook 820 
Intel core  i7 
Storage 8gb ram/500gb hdd
Size 12.5 inches 
Comes with laptop bag 
Price 27500
Contact 0â€¦"
187,"RT @Tyler_mbaya: Hp Elitebook 820 
Intel core  i7 
Storage 8gb ram/500gb hdd
Size 12.5 inches 
Comes with laptop bag 
Price 27500
Contact 0â€¦"
188,"RT @Tyler_mbaya: Hp Elitebook 820 
Intel core  i7 
Storage 8gb ram/500gb hdd
Size 12.5 inches 
Comes with laptop bag 
Price 27500
Contact 0â€¦"
189,"RT @Tyler_mbaya: Hp Elitebook 820 
Intel core  i7 
Storage 8gb ram/500gb hdd
Size 12.5 inches 
Comes with laptop bag 
Price 27500
Contact 0â€¦"
190,"RT @Tyler_mbaya: Hp Elitebook 820 
Intel core  i7 
Storage 8gb ram/500gb hdd
Size 12.5 inches 
Comes with laptop bag 
Price 27500
Contact 0â€¦"
191,"RT @Tyler_mbaya: Hp Elitebook 820 
Intel core  i7 
Storage 8gb ram/500gb hdd
Size 12.5 inches 
Comes with laptop bag 
Price 27500
Contact 0â€¦"
192,"RT @Tyler_mbaya: Hp Elitebook 820 
Intel core  i7 
Storage 8gb ram/500gb hdd
Size 12.5 inches 
Comes with laptop bag 
Price 27500
Contact 0â€¦"
193,"RT @Tyler_mbaya: Hp Elitebook 820 
Intel core  i7 
Storage 8gb ram/500gb hdd
Size 12.5 inches 
Comes with laptop bag 
Price 27500
Contact 0â€¦"
194,"RT @Tyler_mbaya: Hp Elitebook 820 
Intel core  i7 
Storage 8gb ram/500gb hdd
Size 12.5 inches 
Comes with laptop bag 
Price 27500
Contact 0â€¦"
195,"RT @Tyler_mbaya: Hp Elitebook 820 
Intel core  i7 
Storage 8gb ram/500gb hdd
Size 12.5 inches 
Comes with laptop bag 
Price 27500
Contact 0â€¦"
196,@HeiiiSasha Bukan routernya. Tapi device yg kamu pake. Laptop/hp.
197,"RT @jomirife: Lenovo V15 G2 ITL â€“ Auspacken des neuen Laptop-Computers, einfach, aber leistungsstark fÃ¼r die Arbeit https://t.co/NsQ7t4a8pdâ€¦"
198,"Aku jd ingat dulu pernah ketipu jual beli online pas kuliah, 1,5jt habis dalam sehari alhasil sebulan ga ada uang sâ€¦ https://t.co/Pqn8GoDckK"
199,"Lenovo V15 G2 ITL â€“ Auspacken des neuen Laptop-Computers, einfach, aber leistungsstark fÃ¼r die Arbeitâ€¦ https://t.co/qn5n73tmnN"
200,"sinyal wifi kos buat buka wa di laptop aja gakbisa, charger rusak, batre hp habis

dicari: semangat belajar ptpd"
201,"nyalain laptop, buka skripsian, abis itu mainan hp sampe ketiduran https://t.co/YRtOST7bxG"
202,"RT @nijokestu: The latest generation laptop is up for sale here at Ceenet. HP 15s 5295 at an affordable price.

ğŸ“ŒCORE i5
ğŸ“Œ8gb Ram 
ğŸ“Œ512gb Sâ€¦"
203,"Alhamdulillah selama sekolah gapernah nipu biaya kuliah kaya gini, uang HP juga minta karena emang rusak beneran, lâ€¦ https://t.co/76wBaUWHRn"
204,"RT @Tyler_mbaya: Hp Elitebook 820 
Intel core  i7 
Storage 8gb ram/500gb hdd
Size 12.5 inches 
Comes with laptop bag 
Price 27500
Contact 0â€¦"
205,"Krn dari gua pribadi, klo barang blm rusak ya pertahanin. Laptop pun jg gitu, baru ganti stlh benerÂ² udh rusak krnâ€¦ https://t.co/OienfOWQnX"
206,"RT @Tyler_mbaya: Hp Elitebook 820 
Intel core  i7 
Storage 8gb ram/500gb hdd
Size 12.5 inches 
Comes with laptop bag 
Price 27500
Contact 0â€¦"
207,"RT @martinezcarin: Hola! ğŸ‘‹ğŸ¼
Vendo una notebook HP Laptop Model 15-da0073wm por 2.300.000 gs.
- 4 GB de RAM DDR4 (Expandible)
- 1 TB de discâ€¦"
208,"Lama-lama cape juga semuamuanya harus dicharge ya ga si, hp, laptop, jam tangan, tws, ampun deh. Kayaknya yang wortâ€¦ https://t.co/2zs865kVGd"
209,"RT @martinezcarin: Hola! ğŸ‘‹ğŸ¼
Vendo una notebook HP Laptop Model 15-da0073wm por 2.300.000 gs.
- 4 GB de RAM DDR4 (Expandible)
- 1 TB de discâ€¦"
210,Laptop Bag for HP Dell Asus Apple Huawei Universal Travel Handbag for 10.1 11.6 12 13.3 14 15.6 Inch Cartoon Printâ€¦ https://t.co/qR5DctLdHo
211,"RT @Tyler_mbaya: Hp Elitebook 820 
Intel core  i7 
Storage 8gb ram/500gb hdd
Size 12.5 inches 
Comes with laptop bag 
Price 27500
Contact 0â€¦"
212,"RT @Tinktek: Kindly RT, someone might need this on your TL.

Open Box

HP Envy 13 x360 (Mint)
Core i7 11th Gen
512 ssd
8gb Ram
Intel Iris Xâ€¦"
213,@emgiyaya ga main hp juga planga plongo depan laptop
214,"HP ENVY x360 2-in-1 13-bf0xxx
12th Generation
Intel Core i7
8GB RAM
512SSD
DIRECTX 12
Microsoft Office 2021
Windowsâ€¦ https://t.co/eMiowosrwE"
215,hi kembali lg bersamaku twt an pke laptop krn HP GUE RUSAAAAKKKKğŸ¥²
216,"mau scroll tl aja sulit bgt :') buka laptop, laptopnya di pinjem foto. buka hp, hpnya di pinjem buat liat video. geâ€¦ https://t.co/o66eY10bI3"
217,"@secretciaaa Maaf hamba masih lemah, cuma bisa:
Hp: 37x
Laptop: 38x
Smart Tv: 10x
ğŸ˜“"
218,"Unboxing Experience
Hp ENVY 14
Corei7, 16gb, 1tb ssd storage https://t.co/fEc7qzid98"
219,"RT @Tyler_mbaya: Hp Elitebook 820 
Intel core  i7 
Storage 8gb ram/500gb hdd
Size 12.5 inches 
Comes with laptop bag 
Price 27500
Contact 0â€¦"
220,"@tanyakanrl buat tempat nitip apapun kalo lg buka laptop yg apaÂ²nya dari hp, emg rada ribet apalagi kalo emg filenyâ€¦ https://t.co/gQWeWK6w4X"
221,"ini jaman 1.6, yang GAA kedua ga ada fotonya di hp adanya di laptop... sooo yeah https://t.co/0u5EQt6Vqm"
222,"RT @Tinktek: Kindly RT, someone might need this on your TL.

High Performance ğŸ‘Œ

HP Envy 15 (Mint)
Core i9 10th Gen
1tb ssd
32gb Ram
6gb Nvâ€¦"
223,"RT @martinezcarin: Hola! ğŸ‘‹ğŸ¼
Vendo una notebook HP Laptop Model 15-da0073wm por 2.300.000 gs.
- 4 GB de RAM DDR4 (Expandible)
- 1 TB de discâ€¦"
224,"@moonlieto Kayanya memang sistem twt baru ini banyak yang gitu nak.
tweet double, ada yg gambarnya g ke-load kalau buka di hp atau laptop."
225,"RT @Tyler_mbaya: Hp Elitebook 820 
Intel core  i7 
Storage 8gb ram/500gb hdd
Size 12.5 inches 
Comes with laptop bag 
Price 27500
Contact 0â€¦"
226,"#Ad On Sale for $699.98 from $769.98
HP 17"" Touch Laptop AMD R3 8GB, 256GB SSD 1 YR HP ADP, MS365 &amp; Voucherâ€¦ https://t.co/ZfLiEj6S0A"
227,"RT @martinezcarin: Hola! ğŸ‘‹ğŸ¼
Vendo una notebook HP Laptop Model 15-da0073wm por 2.300.000 gs.
- 4 GB de RAM DDR4 (Expandible)
- 1 TB de discâ€¦"
228,"@firewhisklee coba edit di laptop pak, soalnya aku kemaren pake hp emang resolusinya jadi jlek banget masağŸ˜¢"
229,"RT @Tyler_mbaya: Hp Elitebook 820 
Intel core  i7 
Storage 8gb ram/500gb hdd
Size 12.5 inches 
Comes with laptop bag 
Price 27500
Contact 0â€¦"
230,Do you know as an Affiliate Marketer on Digistem you don't only earn commission? You also win awesome prizes for anâ€¦ https://t.co/cF5aU71W1f
231,"RT @martinezcarin: Hola! ğŸ‘‹ğŸ¼
Vendo una notebook HP Laptop Model 15-da0073wm por 2.300.000 gs.
- 4 GB de RAM DDR4 (Expandible)
- 1 TB de discâ€¦"
232,"RT @Tyler_mbaya: Hp Elitebook 820 
Intel core  i7 
Storage 8gb ram/500gb hdd
Size 12.5 inches 
Comes with laptop bag 
Price 27500
Contact 0â€¦"
233,"RT @martinezcarin: Hola! ğŸ‘‹ğŸ¼
Vendo una notebook HP Laptop Model 15-da0073wm por 2.300.000 gs.
- 4 GB de RAM DDR4 (Expandible)
- 1 TB de discâ€¦"
234,"@au_tii gada hp baru, make laptop tross"
235,"RT @Tyler_mbaya: Hp Elitebook 820 
Intel core  i7 
Storage 8gb ram/500gb hdd
Size 12.5 inches 
Comes with laptop bag 
Price 27500
Contact 0â€¦"
236,"RT @Tyler_mbaya: Hp Elitebook 820 
Intel core  i7 
Storage 8gb ram/500gb hdd
Size 12.5 inches 
Comes with laptop bag 
Price 27500
Contact 0â€¦"
237,"RT @Tyler_mbaya: Hp Elitebook 820 
Intel core  i7 
Storage 8gb ram/500gb hdd
Size 12.5 inches 
Comes with laptop bag 
Price 27500
Contact 0â€¦"
238,Super Hot Deal! Get it for only $299.99! https://t.co/bm89mCkCYR
239,"RT @Tyler_mbaya: Hp Elitebook 820 
Intel core  i7 
Storage 8gb ram/500gb hdd
Size 12.5 inches 
Comes with laptop bag 
Price 27500
Contact 0â€¦"
240,4 jam lebih mikir mo beli tab apa engga akhirnya beli tas laptop aja wkwkwkw banyak hal yang bisa aku beli dengan uâ€¦ https://t.co/t0zFpsEhH4
241,"RT @Tyler_mbaya: Hp Elitebook 820 
Intel core  i7 
Storage 8gb ram/500gb hdd
Size 12.5 inches 
Comes with laptop bag 
Price 27500
Contact 0â€¦"
242,"RT @Tyler_mbaya: Hp Elitebook 820 
Intel core  i7 
Storage 8gb ram/500gb hdd
Size 12.5 inches 
Comes with laptop bag 
Price 27500
Contact 0â€¦"
243,"RT @FS_Yusuf_: testimonials from REAL BUYERS via @HuntellaDotNet bio
certified used HP UltraBook14
performance laptop with ThunderBolt3
14â€¦"
244,DOMISO 10 13 14 15.6 Inch Shock Resistant Laptop Sleeve Protective Case Waterproof Laptop Bag for Macbook Acer HP Bâ€¦ https://t.co/vfxBBahpsI
245,"RT @Tyler_mbaya: Hp Elitebook 820 
Intel core  i7 
Storage 8gb ram/500gb hdd
Size 12.5 inches 
Comes with laptop bag 
Price 27500
Contact 0â€¦"
246,"RT @martinezcarin: Hola! ğŸ‘‹ğŸ¼
Vendo una notebook HP Laptop Model 15-da0073wm por 2.300.000 gs.
- 4 GB de RAM DDR4 (Expandible)
- 1 TB de discâ€¦"
247,"Hp Elitebook 820 
Intel core  i7 
Storage 8gb ram/500gb hdd
Size 12.5 inches 
Comes with laptop bag 
Price 27500
Coâ€¦ https://t.co/LKo3ZdFw7W"
248,"RT @martinezcarin: Hola! ğŸ‘‹ğŸ¼
Vendo una notebook HP Laptop Model 15-da0073wm por 2.300.000 gs.
- 4 GB de RAM DDR4 (Expandible)
- 1 TB de discâ€¦"
249,"RT @FS_Yusuf_: testimonials from REAL BUYERS via @HuntellaDotNet bio
certified used HP UltraBook14
performance laptop with ThunderBolt3
14â€¦"
250,"RT @martinezcarin: Hola! ğŸ‘‹ğŸ¼
Vendo una notebook HP Laptop Model 15-da0073wm por 2.300.000 gs.
- 4 GB de RAM DDR4 (Expandible)
- 1 TB de discâ€¦"
251,"Demi tuhan, NETFLIX BABI OSHI NO KO KOK GADA SUB INDONYA, TRUS KENAPA NETFLIX HP SAMA LAPTOP W BEDA UPDATENYAAA BWWBJSSNANAMKAL"
252,"@voojungkook Jreeeng liat hp, pas balik liat laptop lgsg pening lg ğŸ˜­"
253,"#breaking ğŸ”¥ Gaming Lovers !  
27% OFF on Exclusive HP Victus Gaming Laptop 
Link -: https://t.co/zHI6hQE7XQ

Followâ€¦ https://t.co/fvcAo9TAam"
254,"RT @FS_Yusuf_: testimonials from REAL BUYERS via @HuntellaDotNet bio
certified used HP UltraBook14
performance laptop with ThunderBolt3
14â€¦"
255,woilah gacha gua di akun laptop malah 100x lebih manteb drpd yg di akun hp ğŸ˜­
256,@gitcaris Hp lahhh???? Sekte mana ancrit make laptop
257,"buka laptop dikamar malem2 gini, cuma buat play yt lagu doang, trs baca novel di hp dh._."
258,"@tanyakanrl buat tranfser tugas dr hp ke laptop, link tiktok, link yt, kajian, ngedrakor"
259,"@Alll_Official Saya nongkrong peganh laptop, tab, hp, kalkulator, kertasğŸ™"
260,"[cm] aku terakhir backup tanggal itu, sampe kemarin pertengahan bulan ok ok aja, tpi tbtb ke restore sendiri akhirnâ€¦ https://t.co/txBji2iijq"
261,"RT @martinezcarin: Hola! ğŸ‘‹ğŸ¼
Vendo una notebook HP Laptop Model 15-da0073wm por 2.300.000 gs.
- 4 GB de RAM DDR4 (Expandible)
- 1 TB de discâ€¦"
262,Bisa-bisanya laptop sama hp raib
263,@HPSupport I have Dell laptop almost 5 year old it's till time no issue this time I was make big mistakes believe oâ€¦ https://t.co/fPgJcCwHDU
264,"and finally ak bisa bayar kos sebagian pke uangku, beli laptop sendiri, hp juga full pake uang sndriğŸ«¶ğŸ»keren apresiasi buat ak sndri"
265,/tanya kalian yang ba layout editnya pake apk apa? di hp atau laptop?
266,"RT @martinezcarin: Hola! ğŸ‘‹ğŸ¼
Vendo una notebook HP Laptop Model 15-da0073wm por 2.300.000 gs.
- 4 GB de RAM DDR4 (Expandible)
- 1 TB de discâ€¦"
267,Lanjut bsk pake laptop deh. HP gue panasğŸ˜­
268,"netflix prem yang bisa dipake buat 2 device dong #zonauangï¸  

kadang pengen nonton di laptop, kadang pengen nontonâ€¦ https://t.co/zK51fOZNPX"
269,"@RonFilipkowski I have so many questions.

Why does God have to send a whole laptop? If all that matters is the intâ€¦ https://t.co/CwsXa7iA2O"
270,"RT @FS_Yusuf_: testimonials from REAL BUYERS via @HuntellaDotNet bio
certified used HP UltraBook14
performance laptop with ThunderBolt3
14â€¦"
271,"Gw ga tega main hsr lama lama di hp ini, tapi kalo main di laptop gw ga betah kalo ga sambil boboan ğŸ˜­"
272,"kek ya allah akhirnyaaaaa, gue stay depan hp sama laptop dari jam 4 sore, dan tadi udh mencet 1 tiket berkali kaliâ€¦ https://t.co/74SfqZAL3e"
273,"buka laptop 1 menit, scroll hp 1 jam https://t.co/GQdnuPeR1p"
274,"RT @Tinktek: Kindly RT, someone might need this on your TL.

High Performance ğŸ‘Œ

HP Envy 15 (Mint)
Core i9 10th Gen
1tb ssd
32gb Ram
6gb Nvâ€¦"
275,@tanyakanrl Cm buat save pdf sama mobilisasi file hp ke laptop dan sebaliknya
276,"gue mau mindahin foto2 dari galeri hp ke laptop, doain deh ya gak puyeng"
277,"RT @martinezcarin: Hola! ğŸ‘‹ğŸ¼
Vendo una notebook HP Laptop Model 15-da0073wm por 2.300.000 gs.
- 4 GB de RAM DDR4 (Expandible)
- 1 TB de discâ€¦"
278,"ga laptop, ga hp sama aja. mulai pada error, tp tidak apa setidaknya masih bisa berfungsi"
279,"laptop buat nonton ğŸ‡®ğŸ‡© v ğŸ‡¹ğŸ‡¼, hp buat nonton ğŸ‡°ğŸ‡· v ğŸ‡©ğŸ‡° wkwk rame banget"
280,"RT @martinezcarin: Hola! ğŸ‘‹ğŸ¼
Vendo una notebook HP Laptop Model 15-da0073wm por 2.300.000 gs.
- 4 GB de RAM DDR4 (Expandible)
- 1 TB de discâ€¦"
281,"RT @martinezcarin: Hola! ğŸ‘‹ğŸ¼
Vendo una notebook HP Laptop Model 15-da0073wm por 2.300.000 gs.
- 4 GB de RAM DDR4 (Expandible)
- 1 TB de discâ€¦"
282,"RT @martinezcarin: Hola! ğŸ‘‹ğŸ¼
Vendo una notebook HP Laptop Model 15-da0073wm por 2.300.000 gs.
- 4 GB de RAM DDR4 (Expandible)
- 1 TB de discâ€¦"
283,Mau pulang hape tiba tiba rusak dong keubah mode aman alhasil jalan kaki gabisa mesen gojek ğŸ¥² mana di akun twitterâ€¦ https://t.co/D3jNISBMyW
284,HP Pavilion 15.6 inch Touchscreen Full HD Laptop - AMD Ryzen 7 5825U - 1920 x 1080 - Windows 11 Notebook Computer 1â€¦ https://t.co/ovJgirDys1
285,HP Pavilion 15.6 inch Touchscreen Full HD Laptop - AMD Ryzen 7 5825U - 1920 x 1080 - Windows 11 Notebook Computer 1â€¦ https://t.co/lnQRAnjJQq
286,https://t.co/fcVTjbmdRZ https://t.co/uCnxCGj9OL
287,"RT @martinezcarin: Hola! ğŸ‘‹ğŸ¼
Vendo una notebook HP Laptop Model 15-da0073wm por 2.300.000 gs.
- 4 GB de RAM DDR4 (Expandible)
- 1 TB de discâ€¦"
288,"RT @martinezcarin: Hola! ğŸ‘‹ğŸ¼
Vendo una notebook HP Laptop Model 15-da0073wm por 2.300.000 gs.
- 4 GB de RAM DDR4 (Expandible)
- 1 TB de discâ€¦"
289,"sengaja gak buka wa di laptop, hp dijauhin. eh kaget aku di wa sama dospem :"")"
290,"Halo gais, ada yg tau tempat jwal laptop second yg harganya gak dibanting banget? Sender udah nyoba nawarin ke bebeâ€¦ https://t.co/sWz8RM9mVm"
291,"RT @Tinktek: Kindly RT, someone might need this on your TL.

High Performance ğŸ‘Œ

HP Envy 15 (Mint)
Core i9 10th Gen
1tb ssd
32gb Ram
6gb Nvâ€¦"
292,"RT @martinezcarin: Hola! ğŸ‘‹ğŸ¼
Vendo una notebook HP Laptop Model 15-da0073wm por 2.300.000 gs.
- 4 GB de RAM DDR4 (Expandible)
- 1 TB de discâ€¦"
293,"RT @martinezcarin: Hola! ğŸ‘‹ğŸ¼
Vendo una notebook HP Laptop Model 15-da0073wm por 2.300.000 gs.
- 4 GB de RAM DDR4 (Expandible)
- 1 TB de discâ€¦"
294,"RT @martinezcarin: Hola! ğŸ‘‹ğŸ¼
Vendo una notebook HP Laptop Model 15-da0073wm por 2.300.000 gs.
- 4 GB de RAM DDR4 (Expandible)
- 1 TB de discâ€¦"
295,bener sih ga pegang hp tapi on di laptop gimana mau selesai itu kerjaan? ni aku menyindir diri sendiriğŸ˜
296,"@tanyakanrl lebih cepet koneksinya dan ngeload pesannya daripada wa kalo buat transfer file dari hp ke laptop, berguna bgt di laptop"
297,"https://t.co/wvxECzbHdU
HP Pavilion X360
""Looking for a powerful laptop to fuel your artistic passion? Say hello toâ€¦ https://t.co/av1RyaktG9"
298,"foto konsernya ada di laptop semua, di hp cuma nyisa ini doang haha"
299,I just love my new laptopğŸ˜©ğŸ¥°ğŸ¥°ğŸ¥° I was gonna get another Mac book but Iâ€™ll do that around Christmas but this HP IS DEFINITELY A GOOD ONE .
300,@nct_menfess Jujur Lock screen hp sama Laptop gua masih begini mau ganti juga berat bgtğŸ¥² https://t.co/g1zoDicPzd
301,"1. Bangun tidur langsung stretching (eh salah, check hp barangkali ada WA kerjaan)
2. Sikat gigi trs cuci muka 
3.â€¦ https://t.co/wts6UfJBO3"
302,"https://t.co/wvxECzbHdU
Check your creativity with the HP 15.6 Inch dy2024nr Laptop for Cricut! ğŸ¨ğŸ’» Craft like a proâ€¦ https://t.co/M6tKOKUrbJ"
303,"RT @FS_Yusuf_: testimonials from REAL BUYERS via @HuntellaDotNet bio
certified used HP UltraBook14
performance laptop with ThunderBolt3
14â€¦"
304,"RT @martinezcarin: Hola! ğŸ‘‹ğŸ¼
Vendo una notebook HP Laptop Model 15-da0073wm por 2.300.000 gs.
- 4 GB de RAM DDR4 (Expandible)
- 1 TB de discâ€¦"
305,"RT @cchukudebelu: Testimonials from REAL BUYERS via @HuntellaDotNet bio
certified used HP UltraBook14
performance laptop with ThunderBolt3â€¦"
306,"RT @martinezcarin: Hola! ğŸ‘‹ğŸ¼
Vendo una notebook HP Laptop Model 15-da0073wm por 2.300.000 gs.
- 4 GB de RAM DDR4 (Expandible)
- 1 TB de discâ€¦"
307,"@alvinlie21 @alviation apakah mmg benar pak, penggunaan internet d hp, laptop saat terbang bs mempengaruhi kerja alâ€¦ https://t.co/FW4wkPJBnE"
308,"RT @Tinktek: Kindly RT, someone might need this on your TL.

High Performance ğŸ‘Œ

HP Envy 15 (Mint)
Core i9 10th Gen
1tb ssd
32gb Ram
6gb Nvâ€¦"
309,"RT @Bagatelka1: Mam proÅ›bÄ™, czy ktoÅ› moÅ¼e poleciÄ‡ dobry laptop?Moje kolejne podejÅ›cie, bo w czasie pandemii rozwaliÅ‚am jeden, teraz szlag tâ€¦"
310,"RT @martinezcarin: Hola! ğŸ‘‹ğŸ¼
Vendo una notebook HP Laptop Model 15-da0073wm por 2.300.000 gs.
- 4 GB de RAM DDR4 (Expandible)
- 1 TB de discâ€¦"
311,ğŸ‡ºğŸ‡¸HP 1040 G2 | 4gbRam | 256gb | Cori5| Keyboard light| Fingerprint scanner |Non-TOUCH| 170k With LAPTOP BAG  . ğŸ‡ºğŸ‡¸HPâ€¦ https://t.co/XK655WCJVE
312,"RT @cchukudebelu: Testimonials from REAL BUYERS via @HuntellaDotNet bio
certified used HP UltraBook14
performance laptop with ThunderBolt3â€¦"
313,"RT @martinezcarin: Hola! ğŸ‘‹ğŸ¼
Vendo una notebook HP Laptop Model 15-da0073wm por 2.300.000 gs.
- 4 GB de RAM DDR4 (Expandible)
- 1 TB de discâ€¦"
314,baca au enakan pake hp atau laptop ya WKKWK
315,"RT @FS_Yusuf_: testimonials from REAL BUYERS via @HuntellaDotNet bio
certified used HP UltraBook14
performance laptop with ThunderBolt3
14â€¦"
316,"RT @FS_Yusuf_: testimonials from REAL BUYERS via @HuntellaDotNet bio
certified used HP UltraBook14
performance laptop with ThunderBolt3
14â€¦"
317,"@tanyakanrl Drakor, kirim file dr hp ke laptop krn lewat WA web amat lemodd, download video tiktok tanpa web, bincang2, dll"
318,"testimonials from REAL BUYERS via @HuntellaDotNet bio
certified used HP UltraBook14
performance laptop with Thunderâ€¦ https://t.co/2x5usCVHs0"
319,"RT @martinezcarin: Hola! ğŸ‘‹ğŸ¼
Vendo una notebook HP Laptop Model 15-da0073wm por 2.300.000 gs.
- 4 GB de RAM DDR4 (Expandible)
- 1 TB de discâ€¦"
320,"RT @cchukudebelu: Testimonials from REAL BUYERS via @HuntellaDotNet bio
certified used HP UltraBook14
performance laptop with ThunderBolt3â€¦"
321,"RT @martinezcarin: Hola! ğŸ‘‹ğŸ¼
Vendo una notebook HP Laptop Model 15-da0073wm por 2.300.000 gs.
- 4 GB de RAM DDR4 (Expandible)
- 1 TB de discâ€¦"
322,"https://t.co/wvxECzbHdU
HP 14-2021 Newest
Take your Cricut creations to the next level with the HP 14-2021 Laptop.â€¦ https://t.co/6PioBfdPgR"
323,"Testimonials from REAL BUYERS via @HuntellaDotNet bio
certified used HP UltraBook14
performance laptop with Thunderâ€¦ https://t.co/Xb8Gk1kZ4d"
324,sumpah yah udah pake Â±6 hp minta bantuan tmn +1 laptop juga susah bet https://t.co/GCCOoCv94H
325,"RT @martinezcarin: Hola! ğŸ‘‹ğŸ¼
Vendo una notebook HP Laptop Model 15-da0073wm por 2.300.000 gs.
- 4 GB de RAM DDR4 (Expandible)
- 1 TB de discâ€¦"
326,"buka laptop tp main hp, rilğŸ‘"
327,@kibeandy Laptop ilikuwa hp combaqğŸ˜‚.....
328,"RT @martinezcarin: Hola! ğŸ‘‹ğŸ¼
Vendo una notebook HP Laptop Model 15-da0073wm por 2.300.000 gs.
- 4 GB de RAM DDR4 (Expandible)
- 1 TB de discâ€¦"
329,"Hola! ğŸ‘‹ğŸ¼
Vendo una notebook HP Laptop Model 15-da0073wm por 2.300.000 gs.
- 4 GB de RAM DDR4 (Expandible)
- 1 TB deâ€¦ https://t.co/9UjZZ5wSn5"
330,"lagi iseng.. krna ak donlot genshin di 3 device, brikut adlh storage yg digunakan:
hp -&gt; 28.6gb
ipad -&gt; 30.5gb
laptâ€¦ https://t.co/mlIJXioHQV"
331,bingungg mending laptop acer atau hp
332,@earlgreypie_ @tanyakanrl Ada.. adek iparku jual hp buat ngasih kado pacarnya. Bilangnya ilang ketinggalan di kafe.â€¦ https://t.co/kyTCStiBcC
333,RT @UGM_FESS: Permisi ugm_fess teman2 bagi yang menemukan tas laptop HP Pavilion (Hitam ijo) berisi Laprak atas nama Widhi Adji Darma dariâ€¦
334,"@IrogAnthony @hackSultan HP ELITEBOOK 850 G3 laptop
15.6"" Display
Core i5
6th Generation
8gb RAM
500gb HDD
Fingerprâ€¦ https://t.co/gK4nVw6YtI"
335,"RT @oku_yungx: I can see basic HP  laptop prices for  500k + naira. 

Still the Dollar right?"
336,Berhasil ngosongin HP. Ga jadi nonton konser Yoongi bawa laptop!
337,"RT @Tinktek: Kindly RT, someone might need this on your TL.

High Performance ğŸ‘Œ

HP Envy 15 (Mint)
Core i9 10th Gen
1tb ssd
32gb Ram
6gb Nvâ€¦"
338,"RT @Tinktek: Kindly RT, someone might need this on your TL.

Open Box

HP Envy 13 x360 (Mint)
Core i7 11th Gen
512 ssd
8gb Ram
Intel Iris Xâ€¦"
339,"NETFLIX PREMIUM

ğŸ“Œ Private 
1 bulan 176.000

ğŸ“Œ Sharing 1 Profil 1 User
1 bulan 48.000

ğŸ“Œ Sharing 1 Profil 2 Users
1â€¦ https://t.co/0JSDqUrqyw"
340,"RT @tonyalfredk: Nauza laptop HP ENVY

Bei 190,000

Storage 500gb/ ram 8gb

*haikai na chaji battery imekufa https://t.co/WSzMYrZCoD"
341,"Nauza laptop HP ENVY

Bei 190,000

Storage 500gb/ ram 8gb

*haikai na chaji battery imekufa https://t.co/WSzMYrZCoDâ€¦ https://t.co/TN6koBGB9C"
342,Laptop LCD Back Cover/Palmrest/Bottom Case For HP Envy 13T-BA 13-BA TPN-C145 Series A C D Cover Silver FOO60NBâ€¦ https://t.co/dOhphbk5B0
343,Sticker Master Black Gold Marbleized Laptop Vinyl Sticker Skin Cover 13 14 15 Inch Notebook Decal for MacBook Asusâ€¦ https://t.co/8WDhgCpsj2
344,"@Jeremiah_Bohn If you want ultralight, both HP and Lenovo have models (Elite Dragonfly and Nano) which are even ligâ€¦ https://t.co/aYGAtSEaCZ"
345,kebiasaan banget dah idupin laptop abistu dibiarin trus lnjut maen hp
346,mff dulu ga dapet hp jadi fotonya pake kamera laptop resolusi g30spki https://t.co/kbw6fpM4uD
347,"HP Newest 15.6 FHD IPS Flagship Laptop, 11th Gen Intel 4-Core i5-1135G7(Up to 4.2GHz, Beat i7-1060G7), 16GB RAM, 51â€¦ https://t.co/7wCq7Y5PmK"
348,"@Four_Angel_JY WKWKWKWK AMPUN ğŸ˜­ ih aku blm buka line dr setahun lalu, soalnya di laptop :(( tp brusan liat tipe hp ku gaadaaa sedih"
349,"HP 14 Laptop, Intel Celeron N4020, 4 GB RAM, 64 GB Storage, 14-inch Micro-edge HD Display, Windows 10 Home, Thin &amp;â€¦ https://t.co/sjQ8ggL2Mg"
350,"Meski ga kerja tetap tp alhamdulillah bisa beli hp total 4 buah, PS3, smart TV, Mesin Cuci, Speaker bluetooth, kasuâ€¦ https://t.co/r6vjXv10R5"
351,Kacamata anti radiasi ini sangat membantu banget ketika aku harus kerja didepan laptop atau layar hp. https://t.co/rGGldeNSvH
352,"Gak hp, gak laptop ngelag semua anjer"
353,"laptop hp Ù„Ù„Ø¨ÙŠØ¹ ÙÙŠ Ø£Ù…Ø§Ù†Ø© Ø¹Ù…Ø§Ù† Ø§Ù„ÙƒØ¨Ø±Ù‰
Ù„Ù„ØªÙˆØ§ØµÙ„ Ù…Ø¹ Ø§Ù„Ù…Ø¹Ù„Ù† ğŸ‘‡ :
https://t.co/kSTVIHNwqr 
#Ù…Ø³ØªØ¹Ù…Ù„_Ø§Ù„Ø§Ø±Ø¯Ù†  #Ø§LAPTOP https://t.co/bx5pSUdzSk"
354,"@KertaJaya45 @masteke69 @anakodok2009 @_ikhsanrizky @SoundOfYogi Kayak disini harus. Diambil saudara sendiri, baruâ€¦ https://t.co/LABxCAl4UV"
355,ini lucu bgtâ€¦. jd kan gue abis ganti lockscreen hp trs td vc sama nyokap lewat laptop terus w kek mau nunjukkin sesâ€¦ https://t.co/DTyLg9iIgr
356,"eek bawa hp udah biasa
eek bawa laptop dong"
357,"ğŸ‘‹Howzit Shoppers!
A product you may be interested in?
11.55v Replacement Battery For HP ProBook 430 G7â€¦ https://t.co/LO4syrvvk3"
358,Gue mimpi motong layar laptop dan hp gue anjir baru keinget
359,"RT @ItsJeffreyJeff: HP ELITEBOOK 830 G5 has been our best selling laptop this yearğŸ˜

-8th gen i5,8gb Ram,256GB SSD non touch kes.38,000
-8tâ€¦"
360,"@burhan_infinity saya tetap tak pakai mas, klo dinas luar, prefer gak pakai wifi public, jadi pakai ini. kadang libâ€¦ https://t.co/Yoc8HjsyWf"
361,"@tanyakanrl ada banget yang begitu njir. sampe orang tua dah ngebeliin hp iphone baru, laptop baru, motor baru masiâ€¦ https://t.co/Xj3Kv2P7gK"
362,"RT @oku_yungx: I can see basic HP  laptop prices for  500k + naira. 

Still the Dollar right?"
363,11 in 1 USB C HUB Laptop Docking Station for Dell HP MacBook Pro Type C Dock HDMI PD 3.0 USB RJ45 VGA PD AUX TF/SDâ€¦ https://t.co/wMzsshYeG3
364,"ngerasa kuotanya boros banget, dahal kemarin waktu hp rusak kuota buat wifi laptop doang ga secepet ini abisnya"
365,ADEK GW NYEBELIN BGF ASAL LEMPAR HP KE KASUR TERUS KENA LAPTOP
366,"RT @Tinktek: Kindly RT, someone might need this on your TL.

High Performance ğŸ‘Œ

HP Envy 15 (Mint)
Core i9 10th Gen
1tb ssd
32gb Ram
6gb Nvâ€¦"
367,"RT @oku_yungx: I can see basic HP  laptop prices for  500k + naira. 

Still the Dollar right?"
368,Gimana caranya biar warna di laptop sama kek di hp??? Pusing betul ngutak ngatik hue saturation ğŸ¥²
369,army yg beneran itu skrg lg dirumah lg pada skincarean lah maskeran lah bikin kuku lah nyiapin baju buat konser yooâ€¦ https://t.co/S7p9uGDFwM
370,"RT @Tinktek: Kindly RT, someone might need this on your TL.

Open Box

HP Envy 13 x360 (Mint)
Core i7 11th Gen
512 ssd
8gb Ram
Intel Iris Xâ€¦"
371,"@MyfavMeerkat Engga. Udah ada dari sebelumnya. Bisa diakses kalau buka dari web browser, ntah di hp atau laptop."
372,"@prinncexs sehari doang
tapi kerjaannya mantengin hp/laptop terus"
373,"Cara Pakai Google Bard di HP dan Laptop, Bisa Jawab Aneka Pertanyaan https://t.co/KT7LjoCfIb"
374,BELK Laptop Stand Foldable Laptop Holder Non-slip Adjustable Desktop Notebook Stands For Tablet Macbook Pro Air iPaâ€¦ https://t.co/HF7OgZU6ve
375,Overheating problem in hp pavilion x360 | Laptop repair Shop in jaipur 6... https://t.co/q6fwvZElFJ via @YouTube
376,@CamilleScholtz *bouwt Intel 8086 emulator in Java op HP laptop met een Intel i7 (8th gen) en Windows 10 om vervolgâ€¦ https://t.co/XjrAaP66uF
377,"Yah, banyak yang aku pindahin ke laptop. Dan yang di hp cuma ini-ini aja. https://t.co/b8F1kJV05b https://t.co/nj4QXECSZW"
378,"I wonâ€™t mind a new Laptop 

Hp elight book
Core i7
16gb ram 
Screen touch (Tactics) https://t.co/oez6akzNBN https://t.co/9NqAdKydLY"
379,RT @TonySolana_fux: mfers have this setup and get rinsed by me on a hp laptop ğŸ’€ https://t.co/NcKl7FBYNb
380,"RT @oku_yungx: I can see basic HP  laptop prices for  500k + naira. 

Still the Dollar right?"
381,mfers have this setup and get rinsed by me on a hp laptop ğŸ’€ https://t.co/NcKl7FBYNb
382,"RT @Tinktek: Kindly RT, someone might need this on your TL.

Open Box

HP Envy 13 x360 (Mint)
Core i7 11th Gen
512 ssd
8gb Ram
Intel Iris Xâ€¦"
383,"RT @oku_yungx: I can see basic HP  laptop prices for  500k + naira. 

Still the Dollar right?"
384,"Beres tiket sekarang ngosongin memori HP. Kalau gagal ngosongin HP, pas konser ntar aku angkut laptop buat videoinâ€¦ https://t.co/xTrWlUc2qQ"
385,@convomf Laptop hp semua disingkirin
386,"RT @oku_yungx: I can see basic HP  laptop prices for  500k + naira. 

Still the Dollar right?"
387,"RT @Tinktek: Kindly RT, someone might need this on your TL.

High Performance ğŸ‘Œ

HP Envy 15 (Mint)
Core i9 10th Gen
1tb ssd
32gb Ram
6gb Nvâ€¦"
388,"RT @Tinktek: Kindly RT, someone might need this on your TL.

High Performance ğŸ‘Œ

HP Envy 15 (Mint)
Core i9 10th Gen
1tb ssd
32gb Ram
6gb Nvâ€¦"
389,"Kindly RT, someone might need this on your TL.

Open Box

HP Envy 13 x360 (Mint)
Core i7 11th Gen
512 ssd
8gb Ram
Iâ€¦ https://t.co/ug8l9ZeJn2"
390,"Kindly RT, someone might need this on your TL.

High Performance ğŸ‘Œ

HP Envy 15 (Mint)
Core i9 10th Gen
1tb ssd
32gbâ€¦ https://t.co/sgBo5dSoqX"
391,"kebiasaan ngedit di laptop, pas ngedit di hp jadi pusing."
392,"Ya Allah laptop suka lemot, hp juga ngikut2"
393,"@tanyakanrl drakor, buku, kirim file dr laptop atau hp (soalnya lbh cepet buka tele di laptop drpada wa), komunikasâ€¦ https://t.co/iRHOrWWBRz"
394,"RT @oku_yungx: I can see basic HP  laptop prices for  500k + naira. 

Still the Dollar right?"
395,"4GB PC4 RAM @4500
4GB PC3L RAM @3500
2GB 1500/-
8GB PC3L. 4500/-
ACER @1300
TOSHIBA @1300
ASUS @1300
LENOVO SMALL Pâ€¦ https://t.co/b9zYzUdrjt"
396,"RT @oku_yungx: I can see basic HP  laptop prices for  500k + naira. 

Still the Dollar right?"
397,"RT @oku_yungx: I can see basic HP  laptop prices for  500k + naira. 

Still the Dollar right?"
398,RT @Evetech: Looking for a laptop that can handle your gaming needs? Check out HP Intel Gaming laptops! With powerful Intel processors andâ€¦
399,"RT @oku_yungx: I can see basic HP  laptop prices for  500k + naira. 

Still the Dollar right?"
400,"@EineLenns kata fh ku si di tv ya kak, tp kalo muncul di laptop/hp tetep klik yg not now"
401,"NB LAPTOP HP SPECTRE

Waxaad hada ka dalban kartaa (order now)
Call center: 523776
Call: 0634429451
Whatsapp: 06344â€¦ https://t.co/tQ739WSbNM"
402,"RT @oku_yungx: I can see basic HP  laptop prices for  500k + naira. 

Still the Dollar right?"
403,"HP Laptop 14s-fq0562AU Natural silver Laptop Kosumer (671P2PA) / 14"" / AMD Athlon Silver 3050U / 4 GB / AMD Radeonâ€¦ https://t.co/gpSMjXc7S7"
404,syitt ternyata warna pixel di laptop n hp berbezaaaa
405,"I can see basic HP  laptop prices for  500k + naira. 

Still the Dollar right?"
406,"HP 11 CHROMEBOOK / N4020 / 4GB / 160GB / 11.6""HD LAPTOP PELAJAR TERMURAH NEW ORIGINAL
- https://t.co/mXRLj85AWu https://t.co/FTzTPSBL2u"
407,"Laptop HP 14s-dq0510TU / 14s-dq3111TU / 14s-dq3109TU / 14"" / Intel Celeron N4120 / 4GB &amp; 8GB / Intel UHD Graphics /â€¦ https://t.co/1PVCYprnAN"
408,We helped a client upgrade from a hp mkulima core i5 2nd generation 4gb ram 500gb hdd to a hp core i5 Elitebook corâ€¦ https://t.co/d7iPQjp0tD
409,"@ShirleyJwriter I have an HP, but you can't use it as a laptop per se.
The cooling fan blows the Fires of Hell onto your lap.ğŸ˜±"
410,@Alienware @SystemShockGame ğŸ‘¾ could use something better then my HP laptop to game with as I am worried my currentâ€¦ https://t.co/6KVrg6kUSf
411,"mau nya belajar. tpi klo gk punya laptop sama sekali beneran susah. niatnya dari hp, berujung buka twt lagi ya sama ajaaaaaaaaaaa"
412,dan yg lebih awikwok nya lagi skarang aku malah hp an trus nge tweet karna kewalahan dengan semua ini dg laptop terbuka dan mata ngantukğŸ‘ğŸ‘ğŸ‘
413,TÃ i liá»‡u sá»­a Laptop HP 450 G2 440 G2 LA-B181P - https://t.co/YWbA2f4fEt https://t.co/Jm9mviVaCW
414,"7 in 1 USB C Hub to HDMI Multiport Type c adapter for MacBook Pro Air HP XPS Surface Pro, XPS, Laptop and USB C Devâ€¦ https://t.co/bR9pmKyizq"
415,"RT @SelviSystems: Lite used

Hp AMD Ryzen 3 Laptop

Hp pavilion Laptop
AMD Ryzen 3 Processor
12GB Ram
256GB Nvme SSD
1TB Hard disk
Wi-Fi, wâ€¦"
416,"@KakekHalal Lampu led. Hp, laptop, rice cooker, pompa air berarti mengeluarkan emisi juga ya?"
417,"@teorinyaurang Nah itu Saa alasannya, di laptop tuh lebih leluasa, lebih sat set sat set jadi aku nyaman banget. Soâ€¦ https://t.co/3Yov5OZRIn"
418,"App twitter di hp lagi aneh, kemarin gabisa ngetweet sama sekali dan hari ini ngga bisa ngetweet pakai foto (fck).â€¦ https://t.co/fn4UDleHPq"
419,"@SitiMelyanaaa 30% irit bgt ih kak, tapi aku juga suka pake laptop sih kaya lebih leluasa aja. kalo hp kan tampilanâ€¦ https://t.co/tMKjIhz56W"
420,"RT @SelviSystems: Lite used

Hp AMD Ryzen 3 Laptop

Hp pavilion Laptop
AMD Ryzen 3 Processor
12GB Ram
256GB Nvme SSD
1TB Hard disk
Wi-Fi, wâ€¦"
421,@ssefnum Hp dan laptop sih.
422,"@teorinyaurang Betulll wkkw makanya masih betah pake yg free soalnya iklannya di aku gak yang ganggu bgt

Ohya beneâ€¦ https://t.co/My2vtFXbFa"
423,"RT @SelviSystems: Lite used

Hp AMD Ryzen 3 Laptop

Hp pavilion Laptop
AMD Ryzen 3 Processor
12GB Ram
256GB Nvme SSD
1TB Hard disk
Wi-Fi, wâ€¦"
424,@ssefnum Hp laptop
425,@ssefnum Hp dan laptopğŸ¤©
426,"Lite used

Hp AMD Ryzen 3 Laptop

Hp pavilion Laptop
AMD Ryzen 3 Processor
12GB Ram
256GB Nvme SSD
1TB Hard disk
Wiâ€¦ https://t.co/eNsw5mLnMy"
427,@ssefnum hp laptop
428,"@SitiMelyanaaa Emang wkwkwk tapi enaknya skrng iklannya ga sesering dulu, biasanya seling 3-4 lagu ada iklan. Skrngâ€¦ https://t.co/xuwjkV8aGL"
429,-rl mending ganti hp plus laptop (tapi cari merk lain) atau langsung beyiin mac sekalian?
430,"@teorinyaurang Aku gak pake spotify premium Saa, jadi kalau di hp gak nyaman gak bisa milih lagu. Makanya lebih enaâ€¦ https://t.co/jGkmFqNcWe"
431,"@rainysunset_ iya ini masih di depan laptop sama hp, yg CAT 2 day 2 presale dah sold out. ngeri banget BL"
432,"Affiliate Marketing ğŸ¤©ğŸ”¥ğŸ”¥ğŸ”¥
Another new baby don land oohğŸ¤©ğŸ˜‚
@digitstem money well spent 

A business I started with juâ€¦ https://t.co/gp98RjIz7J"
433,"menurut gw ini hal basic sih, gw kalo abis keluar pasti pulangnya langsung cuci kaki sama tangan, walaupun itu cumaâ€¦ https://t.co/sa73VAfkaR"
434,"RT @Bagatelka1: Mam proÅ›bÄ™, czy ktoÅ› moÅ¼e poleciÄ‡ dobry laptop?Moje kolejne podejÅ›cie, bo w czasie pandemii rozwaliÅ‚am jeden, teraz szlag tâ€¦"
435,"RT @Bagatelka1: Mam proÅ›bÄ™, czy ktoÅ› moÅ¼e poleciÄ‡ dobry laptop?Moje kolejne podejÅ›cie, bo w czasie pandemii rozwaliÅ‚am jeden, teraz szlag tâ€¦"
436,laptop sm hp rusaknya kompak.. ğŸ¤ğŸ¥º https://t.co/6yvHpR9HeO
437,"@teorinyaurang Aku udah lama uninstall joox karena lagu-lagu Thainya tiba-tiba jadi nggak bisa semua gitu, Saa. Munâ€¦ https://t.co/TgmqNk4nDH"
438,"Lenovo V15 G2, mit einer Core i5 CPU, 8 GB RAM und einer 256 GB SSD, aber es wird Sie Ã¼berraschenâ€¦ https://t.co/8nbavIr3Dj"
439,"CONFIRM THIS TV IS IN YOUR NETFLIX HOUSEHOLD 

â€” kalau ada notif kayak gini, pencet not now aja, jangan pencet anehâ€¦ https://t.co/U5AyGWXtM4"
440,"Hp rusak ga bisa nyala, bodoh bgt wa ga ditautin di laptop"
441,"@tanyarlfes Alasan utamanya udah nyaman pake samsung sama suka inovasinya sih, hp nya awet service centernya gampanâ€¦ https://t.co/P1vCa51bhJ"
442,@Naija_PR Looking for a powerful and versatile laptop? Check out the HP Elitebook 1030 G2! With its core i7 processâ€¦ https://t.co/f9gVO5irE5
443,@Naija_PR Looking for a powerful and versatile laptop? Check out the HP Elitebook 1030 G2! With its core i7 processâ€¦ https://t.co/lXBqcT7tri
444,"Nunggu mbak gua balik lama bgt anjir, File Lamaran gua ada di Laptop semua belum di Copas di HP anjir mana semua seâ€¦ https://t.co/pMRWdmuctO"
445,@jogmfs kalo bisa ngedit foto dan vid pake hp / laptop dan ada device dm or colek yak ..... plus nek punya laptop bisa join jadi writer
446,"@mikemckeewrites I have a Motorola &amp; an HP laptop

All I have to say"
447,@nsandihelp Hp laptop and Google chrome.
448,"RT @Swaka_Em: HP Elitebook 840 G3 Corei7 Touchscreen 8gb ram 256 gb SSD 14 inches screen, 2.8ghz speed,      work/student laptop @ 40,000â€¦"
449,@annisa_husnul2 kakak war nya pake laptop atau hp kak? soalnya tadi aku refresh malah antri lagiğŸ˜­
450,"NewOpenbox HP Envy 15 15.6""inch FHD Gaming Laptop at 700,000 

Spec:

IPS Touch Screen Laptop 
11th Gen Intel Coreiâ€¦ https://t.co/Akh9oSPJO5"
451,"Lah iya, weekend ngapain ya kalau gak ada laptop? Aaaaa tidak bisa nulis dan nonton. Nulis di HP sangat sangat sangâ€¦ https://t.co/2sAMqNEpJW"
452,RT @UGM_FESS: Permisi ugm_fess teman2 bagi yang menemukan tas laptop HP Pavilion (Hitam ijo) berisi Laprak atas nama Widhi Adji Darma dariâ€¦
453,"Our HP laptop offers the perfect balance of portability and productivity for those on-the-go.
  Grab it Before it Gâ€¦ https://t.co/PwnkUtcQ51"
454,@AndreanaFrency Aku gak bisa juga kmrn pas nyoba lewat hp. Trus pas nyoba di laptop bisa aja kak
455,RT @jonvanrooyen: Keylogger discovered in HP laptop audio drivers https://t.co/n9IApRdPWg via @mybroadband
456,"@badminton__fess 1 laptop, 3 HP + beda browser masih aja gak dapet tiket 1 pun ğŸ¤£"
457,"RT @ItsJeffreyJeff: HP ELITEBOOK 830 G5 has been our best selling laptop this yearğŸ˜

-8th gen i5,8gb Ram,256GB SSD non touch kes.38,000
-8tâ€¦"
458,gua udh pake laptop sama hp perusahaan juga masih aja panjang antriannya
459,"2022 Newest HP Envy x360 2-in-1 15.6'' Touch-Screen Laptop - AMD Ryzen 5 5625U, 16GB RAM, 512GB SSD, Windows 11, 3iâ€¦ https://t.co/UPK6pV4sml"
460,"2022 Newest HP Envy x360 2-in-1 15.6'' Touch-Screen Laptop - AMD Ryzen 5 5625U, 16GB RAM, 512GB SSD, Windows 11, 3iâ€¦ https://t.co/O98Fn6yZ7V"
461,@worksfess Pengen beli hp sama laptop sih
462,RT @baloturnergram: BEST SELLER ğŸ’¥*HP ELITEBOOK || 1030G2 X360 || 7TH GEN INTEL CORE I7 || 512G SSD 16G RAM || TOUCH SCREEN BACKLIT || FINGEâ€¦
463,"stres nya ada bgt, alhamdulilah dpt walopun yg harga normalğŸ˜­
total 6 hp 1 laptop ga tuhğŸ« "
464,"Indiaâ€™s PC market declines 30% in Q1 2023; premium laptop shipments worst hit https://t.co/ok5ULY5ptT, Asus shipmenâ€¦ https://t.co/sdHxRzvo84"
465,@tpstechin how much time it will take to receive insurance certificate for my HP Pavillion laptop request I'd 12729â€¦ https://t.co/WgPoYgfBYQ
466,"Mam proÅ›bÄ™, czy ktoÅ› moÅ¼e poleciÄ‡ dobry laptop?Moje kolejne podejÅ›cie, bo w czasie pandemii rozwaliÅ‚am jeden, terazâ€¦ https://t.co/m6UnBP280r"
467,"Indiaâ€™s PC market declines 30% in Q1 2023; premium laptop shipments worst hit https://t.co/jYQWDxL35o, Asus shipmenâ€¦ https://t.co/BuuxBo1k22"
468,@HeathrowAirport I inadvertently forgot to pick up my laptop and tablet after security check in Terminal 5 on Mondaâ€¦ https://t.co/EfpGdiDGHp
469,"kalo dulu 10 GB buat 7 hari udah sama hotspot laptop sekarang 10 GB cuma buat 4 hari, hp doang loh anjir"
470,should i buy new phone? soalnya sayang duitnya... itu duit buat beli laptop sama ngonser jujur.... and I should selâ€¦ https://t.co/P8uFu5x8r2
471,"Save 31%
HP 15.6"" Laptop with 1 Year Microsoft Office 365. Intel Pentium Quad-Core Processor. Webcam. HDMI. W
NOW:â€¦ https://t.co/pli8BjHbqb"
472,@enpshy Masihhh laptop dan hp huhu sambil kerjağŸ˜¾â˜ï¸
473,"AIRTEL INTERNET USE KARTA
HOON TOH BHANGI BHASOD
HACKERS HP LAPTOP KO SLOW KAR DETE HAIN
AUR AGAR
JIO INTERNET USEâ€¦ https://t.co/jABWXJijRs"
474,Laptop Case for HP Spectre x360 Convertible 13-aw0148TU Sleeve Case for Hp Spectre x360 13.3 inch Detachable Laptopâ€¦ https://t.co/ZMTuHaJ3YV
475,"RT @AmerExperience: ğŸ¦‰ Smart &amp; Fun Tips: Baseus Portable Laptop Charger, 30000mAh Power Bank 65W Fast Charging USB C Battery Pack, PD 3.0 7-â€¦"
476,"RT @AmerExperience: ğŸ¦‰ Smart &amp; Fun Tips: Baseus Portable Laptop Charger, 30000mAh Power Bank 65W Fast Charging USB C Battery Pack, PD 3.0 7-â€¦"
477,"Children's Day is here! Show your kids, nephews and nieces you love them!
To order, click the links below! ğŸ‘‡ğŸ¼
Trifoâ€¦ https://t.co/s8hIjpczWJ"
478,"Aku gasadar batre hp ku habis, karna tadi pas bangun tidur langsung charger dan dimainin bentaran doang nunggu meetâ€¦ https://t.co/NfXv4rx5R4"
479,"wtt lft ph

Ë—ËË‹ apple macbook air 2014 Â´ËË—

â˜… 128gb, 4gb ram, core i5
â˜… ol class, casual browsing, netflix etc..
â˜…â€¦ https://t.co/wOGybDRCVG"
480,"""kalian bisa camscanner ga?""

IBU EUUSEUESN GMN CARANY NGESCAN DI LAPTOP, HP JG GA ADA"
481,"LAPTOP DEALS: 2023 HP 15.6"" HD Touchscreen Laptop i3-1115G4, up to 4.1GHz, 32GB RAM &amp; 1TB SSDâ€¦ https://t.co/n08cpDbRwn"
482,"HP ã‚²ãƒ¼ãƒŸãƒ³ã‚°ãƒãƒ¼ãƒˆãƒ‘ã‚½ã‚³ãƒ³ Victus by HP 16-d0000ï¼ˆIntel Core i7-11800H, 16GB, 512GB SSD/RTX 3060 Laptopã‚°ãƒ©ãƒ•ã‚£ãƒƒã‚¯ã‚¹/144Hz IPS 16.1ã‚¤ãƒ³â€¦ https://t.co/8EfWBvTfQX"
483,"@annisabalqis @BadmintonTalk Bisa kok direfresh tnp perlu balik ke queue lagi, tp td aku nyobanya pake laptop. Gatau deh klo pake hp gmnğŸ™ğŸ»"
484,"RT @5N_Streams: 3 jam lagi MV DOXA ada di YT â€¼ï¸

Mulai siap2 keys â€¼ï¸

Siapin SEMUA gadget2 seperti HP, LAPTOP, TABLET, KOMPUTER dll.

Entahâ€¦"
485,RT @UGM_FESS: Permisi ugm_fess teman2 bagi yang menemukan tas laptop HP Pavilion (Hitam ijo) berisi Laprak atas nama Widhi Adji Darma dariâ€¦
486,"Pingin balik nulis, pingin stay ngesub
Pingin hp baru, pingin ganti laptop
Pingin cobain parfum baru, pingin melengâ€¦ https://t.co/6szDLBEmqv"
487,"Cek beragam pilihan laptop mahasiswa terbaik untuk semua jurusan mencakup berbagai merek, mulai dariÂ Asus Core i5,â€¦ https://t.co/OCcy8jPWN8"
488,I can't exactly remember what kind of issues I was having with Windows Vista - it's been so long. I do know that Iâ€¦ https://t.co/V8aplk4wvd
489,@realsalehUG My sister bought a laptop from Jumia that was supposed to be an Hp probook according to the app. On deâ€¦ https://t.co/lxUS4lHMmL
490,@heyitsSagnik @SavageAryan007 @MicrosoftvApple @GHOST_ASR @thegadgetshub @that_chand @DrishtantR @AbhishekMarketsâ€¦ https://t.co/nEzy0i9S1G
491,"RT @asep_rijal01: @5ecretNumber @JP_5ecretNumber @5N_TRENDS
#SECRET_NUMBER #DOXA
â€¼ REMINDER â€¼
Ini aturan ketika kalian mau streaming MV diâ€¦"
492,"@quanxyra AK JUGA, mw hp mw tab mw laptop, mw komputer"
493,"RT @ItsJeffreyJeff: HP ELITEBOOK 830 G5 has been our best selling laptop this yearğŸ˜

-8th gen i5,8gb Ram,256GB SSD non touch kes.38,000
-8tâ€¦"
494,ada yg mau nitip tiket ga td w udh beli dari hp trs laptop w udh masuk ke widget pembelian
495,"Akhirnya gw dpt juga tiket Indonesia open buat day 1 day 2 ğŸ˜­ğŸ˜­ğŸ˜­ Pake hp lebih sat set 

Btw ada yg mau nitip ga nihâ€¦ https://t.co/WpL4jmzo8P"
496,"RT @Ghkart_Ghcart: Get the Hp Elitebook x360 1030 G3 today and save BIGGGG! This amazing laptop is perfect for students, professionals, andâ€¦"
497,"RT @ItsJeffreyJeff: HP ELITEBOOK 830 G5 has been our best selling laptop this yearğŸ˜

-8th gen i5,8gb Ram,256GB SSD non touch kes.38,000
-8tâ€¦"
498,"@UruFangirl enakan vote di laptop si kalo kookyğŸ˜­ kalo hp ribeeet, begadang buat akun kooky 100/hari bjir"
499,"RT @Nyaundillc: @nkmurgor My current hp laptop used to stay 5 hours with battery when I had windows 11 installed, but tangu niweke Fedora iâ€¦"
500,Soft Laptop Bag Sleeve For Huawei Xiaomi Hp Dell Lenovo Macbook Air 13 Case M1 M2 2022 Pro 11 13 13.3 15 15.6 inchâ€¦ https://t.co/OcsFtHcinx
501,"RT @ItsJeffreyJeff: HP ELITEBOOK 830 G5 has been our best selling laptop this yearğŸ˜

-8th gen i5,8gb Ram,256GB SSD non touch kes.38,000
-8tâ€¦"
502,"2022 Flagship HP 15.6â€ FHD IPS Micro-Edge Laptop, AMD 6-Core Ryzen 5 5500U (Upto 4.0GHz, Beat i7-10710U), 8GB RAM,â€¦ https://t.co/eGuadf8P8I"
503,"RT @ItsJeffreyJeff: HP ELITEBOOK 830 G5 has been our best selling laptop this yearğŸ˜

-8th gen i5,8gb Ram,256GB SSD non touch kes.38,000
-8tâ€¦"
504,ini HP gw kunci di brankas aja kali ya biar fokus ngerjain di laptop
505,"HP Elitebook 840 G3 Corei7 Touchscreen 8gb ram 256 gb SSD 14 inches screen, 2.8ghz speed,      work/student laptopâ€¦ https://t.co/mSrknIA7MZ"
506,ni gmn si konsepnya di laptop gue spotify kaga premium tp di hp premium ğŸ˜… pdhl akunnya sama
507,"HP users feel it the most, the laptop randomly disconnects from WiFi and Bluetooth, forcing you to restart

Here'sâ€¦ https://t.co/sVTn63ynPH"
508,"gue mantengin web pbsi daritadi, begitu jam 4 gue refresh dong. eh masuk-masuk waiting time nya udah 20 menit aja dâ€¦ https://t.co/C3X9BwbDeK"
509,"RT @ItsJeffreyJeff: HP ELITEBOOK 830 G5 has been our best selling laptop this yearğŸ˜

-8th gen i5,8gb Ram,256GB SSD non touch kes.38,000
-8tâ€¦"
510,The HP #Envy #laptop gets $450 #price #cut in HP #Memorial #Day #sale https://t.co/TmJY2vQXGJ
511,"Laptop HP Envy X360 13-bf0092TU 76V59PA lÃ  dÃ²ng mÃ¡y tÃ­nh má»ng nháº¹ cao cáº¥p, phÃ¹ há»£p cho ngÆ°á»i dÃ¹ng lÃ  doanh nhÃ¢n, nhâ€¦ https://t.co/p39FRaM0yQ"
512,"RT @ItsJeffreyJeff: HP ELITEBOOK 830 G5 has been our best selling laptop this yearğŸ˜

-8th gen i5,8gb Ram,256GB SSD non touch kes.38,000
-8tâ€¦"
513,"RT @ItsJeffreyJeff: HP ELITEBOOK 830 G5 has been our best selling laptop this yearğŸ˜

-8th gen i5,8gb Ram,256GB SSD non touch kes.38,000
-8tâ€¦"
514,"MÃ¡y tÃ­nh xÃ¡ch tay HP Envy X360 13-bf0095TU 76B15PA  toÃ¡t lÃªn sá»± cao cáº¥p nhá» thiáº¿t káº¿ nhá» gá»n, máº¡nh máº½ vÃ  Ä‘á»™ má»ng áº¥nâ€¦ https://t.co/3TRzR4g55O"
515,"RT @ItsJeffreyJeff: HP ELITEBOOK 830 G5 has been our best selling laptop this yearğŸ˜

-8th gen i5,8gb Ram,256GB SSD non touch kes.38,000
-8tâ€¦"
516,"RT @ItsJeffreyJeff: HP ELITEBOOK 830 G5 has been our best selling laptop this yearğŸ˜

-8th gen i5,8gb Ram,256GB SSD non touch kes.38,000
-8tâ€¦"
517,"RT @ItsJeffreyJeff: HP ELITEBOOK 830 G5 has been our best selling laptop this yearğŸ˜

-8th gen i5,8gb Ram,256GB SSD non touch kes.38,000
-8tâ€¦"
518,ini 8 menit atau 0 menit si kok beda di hp sama laptop
519,"RT @ItsJeffreyJeff: HP ELITEBOOK 830 G5 has been our best selling laptop this yearğŸ˜

-8th gen i5,8gb Ram,256GB SSD non touch kes.38,000
-8tâ€¦"
520,"RT @5N_Streams: 3 jam lagi MV DOXA ada di YT â€¼ï¸

Mulai siap2 keys â€¼ï¸

Siapin SEMUA gadget2 seperti HP, LAPTOP, TABLET, KOMPUTER dll.

Entahâ€¦"
521,"â€¼ï¸PROMO NETFLIX PREMIUMâ€¼ï¸

1p1u
7 hari 12k
1 bln 33k

1p2u
1 bln 23k

âœ…ï¸ Bergaransi Trusted
âœ…ï¸ All device (TV Laptoâ€¦ https://t.co/aTJxvjnlNP"
522,"RT @ItsJeffreyJeff: HP ELITEBOOK 830 G5 has been our best selling laptop this yearğŸ˜

-8th gen i5,8gb Ram,256GB SSD non touch kes.38,000
-8tâ€¦"
523,"RT @ItsJeffreyJeff: HP ELITEBOOK 830 G5 has been our best selling laptop this yearğŸ˜

-8th gen i5,8gb Ram,256GB SSD non touch kes.38,000
-8tâ€¦"
524,"Laptop HP Envy 16-h0033TX 6K7F9PA vá»›i thiáº¿t káº¿ cao cáº¥p, linh Ä‘á»™ng, vá»›i vá» ngoÃ i mÃ u báº¡c toÃ¡t lÃªn sá»± quÃ½ phÃ¡i, sangâ€¦ https://t.co/7ETNQ58xQ9"
525,"HP ELITEBOOK 830 G5 has been our best selling laptop this yearğŸ˜

-8th gen i5,8gb Ram,256GB SSD non touch kes.38,000â€¦ https://t.co/pGRd1ECgig"
526,You can also buy this model as part of an HP gaming laptop bundle which includes other helpful accessories like a gâ€¦ https://t.co/2noHyyNMls
527,Laptop HP Envy 16-h0034TX 6K7G0PA  hoÃ n toÃ n phÃ¹ há»£p Ä‘á»ƒ báº¡n mang theo vÃ  sá»­ dá»¥ng á»Ÿ báº¥t cá»© nÆ¡i Ä‘Ã¢uâ€¦ https://t.co/GnbNKBM6KD
528,"Portable OLED Monitors That Work with Steam Decks
One model that's perfect for those who want an OLED monitor thatâ€¦ https://t.co/FUR5hN6WkA"
529,Brand Laptop Sleeve BAGSMART 13/15.6 Inch For HP DELL Notebook Carrying Bag Macbook Air Pro 13.3 Shockproof Case foâ€¦ https://t.co/fyQkUpxNrT
530,"RT @PaonesStore: Ipo dukani karibuni sanağŸ«¡

ğŸ”¥Tunapatikana Posta Samora tower Opposite na jengo la NHC
.
.
.
.
.
#viral #technology #tech #hâ€¦"
531,"Ipo dukani karibuni sanağŸ«¡

ğŸ”¥Tunapatikana Posta Samora tower Opposite na jengo la NHC
.
.
.
.
.
#viral #technologyâ€¦ https://t.co/fzJqww86Io"
532,"RT @NexZenMarket: HP 240 G8 (4K5D5PA) Laptop (Intel Core I3/ 11th Gen/ 8GB RAM/ 512GB SSD/ DOS/ 35.6 cm (14"") Diagonal, HD (1366 x 768), Miâ€¦"
533,You can also buy this model as part of an HP gaming laptop bundle which includes other helpful accessories like a gâ€¦ https://t.co/1Kdpz7jS2O
534,"Portable OLED Monitors That Work with Steam Decks
One model that's perfect for those who want an OLED monitor thatâ€¦ https://t.co/rfsQpLJKfM"
535,@LazadaPH @sam_yg HP Victus Gaming Laptop ang pinakanagustuhan ko. Superb kasi ang specs na perfect pang work and gâ€¦ https://t.co/JkiJjyHAmd
536,"â—Your No.1 #Laptop Plug in Kampala
â€¢Buy or Fix your spoilt #Laptop
We got you covered with #Dell #Lenovo #Hp bulk sâ€¦ https://t.co/MJVRAon5hW"
537,"HP 2021 Pavilion 15.6 Touch-Screen Laptop 4 Core Intel i5-1035G1 16GB RAM 1TB SSD. Webcam with Micro
NOW: $849.99
Wâ€¦ https://t.co/eKnMZUE4H8"
538,@LazadaPH @sam_yg HP Victus Gaming Laptop ang pinakanagustuhan ko. Superb kasi ang specs na perfect pang work and gâ€¦ https://t.co/DBIT9b53Kj
539,HP Chromebook 11-inch Laptop - MediaTek - MT8183 - 4 GB RAM - 32 GB eMMC Storage - 11 6-inch HD Display - with Chroâ€¦ https://t.co/on9ed9kxyr
540,"Get the Hp Elitebook x360 1030 G3 today and save BIGGGG! This amazing laptop is perfect for students, professionalsâ€¦ https://t.co/NIuWcc4qPb"
541,LSS Laptop 15 15 6 Skin Cover with Colorful Blue Floral Pattern for HP Dell Lenovo Apple Asus Acer Compaq - Fits 13â€¦ https://t.co/AeJN6O3SaG
542,"14""Laptop Privacy Screen Protector Compatible with HP/Dell/Asus/Acer/Sony/Samsung/Lenovo/Toshiba,16:9 Aspect Ratioâ€¦ https://t.co/0syckAveMh"
543,"RT @asep_rijal01: @5ecretNumber @JP_5ecretNumber @5N_TRENDS
#SECRET_NUMBER #DOXA
â€¼ REMINDER â€¼
Ini aturan ketika kalian mau streaming MV diâ€¦"
544,"RT @5N_Streams: 3 jam lagi MV DOXA ada di YT â€¼ï¸

Mulai siap2 keys â€¼ï¸

Siapin SEMUA gadget2 seperti HP, LAPTOP, TABLET, KOMPUTER dll.

Entahâ€¦"
545,@ShopeeID Tapi kok gak da yg nge-posting yg menang hp ato laptop ya min? Bahkan teriakan kemenangannya jg gak ada!
546,Dear @HP @HPIndia i bought hp victus laptop and my laptop is in warranty and now it has some problem in display soâ€¦ https://t.co/TEgsfmR7b9
547,"ğŸ’»IDEMAã€HPã‹ã‚‰
https://t.co/dMCHk4UDL8  

åˆ†é¡ï¼š#ã‚«ã‚¹ã‚¿ãƒ

ç©ºä¸­ã«ç”»é¢ã‚’ä¸¦ã¹ã¦ãƒãƒ«ãƒã‚¿ã‚¹ã‚¯ãŒã§ãã‚‹
ARã‚°ãƒ©ã‚¹ï¼‹ãƒãƒ¼ãƒˆPC
https://t.co/zZSFJFTlxr"
548,"Dari hp sampe laptop, wifi-tethering, tetep ngga bisa @LPDP_RI https://t.co/staCAAaVA7"
549,"@fhrnnnnn_ pas itu di laptop, tadi di hp jugağŸ˜«"
550,"@tokopedia Aku mau laptop,  Aku buka link di Hp emak aku aja ndak bisa, kakak. Dan kalau aku di kasih laptop, aku aâ€¦ https://t.co/KF2r7cNYzx"
551,"@worksfess Aku beli seken hp Elitebook 840 G5, kualitas masih bagus dan harga juga murah. Soalnya laptop lama aku (dell Inspiron) matotğŸ¥²"
552,"dalam dilema. rasa macam nak ambil s22 ultra ja sebab dah biasa dengan samsung, pastu tgk review kat fb ramai cakapâ€¦ https://t.co/hxhyFEKylL"
553,13-15.6 Inch Laptop Bag Shoulder Handbag For Macbook Air M1 13 Case For Xiaomi Dell Hp Business Briefcase Laptop Coâ€¦ https://t.co/jB88dwnukP
554,Pre-cut Vinyl Laptop Sticker Skin For HP Probook 450 445 440 430 G8 G7 G6 G5 G4 Anti Scratch Waterproof Cover Filmâ€¦ https://t.co/qOhxN7bDJm
555,"RT @asep_rijal01: @5ecretNumber @JP_5ecretNumber @5N_TRENDS
#SECRET_NUMBER #DOXA
â€¼ REMINDER â€¼
Ini aturan ketika kalian mau streaming MV diâ€¦"
556,"@undipmenfess wahh kebetulan nih kak, kami juga melayani service laptop dan Hp dimana kalau kami cara penanganan nyâ€¦ https://t.co/SiqRolXqcb"
557,"HP Stream 11 Pro G4 
4GB RAM 
64GB SSD 
Intel Celeron 
HDMI 
USB PORT 
SD Card Port 

PRICE: N100,000

...
RT if yoâ€¦ https://t.co/qvWscfNZS9"
558,"PD 65W Charger USB C Laptop Charger for MacBook, Dell/HP Laptops, iPad Galaxy S22/S21, Steam Deck, and More WBS4TJUâ€¦ https://t.co/53LZNPjNRJ"
559,@ECB001 Why is my HP laptop is slow in processing. Hata nikijaribu kuifungua it takes like 10min before ifunguke
560,"Q: ini gimana ya merah terus tiap mau simpan/save

A: gapapa kita merasakan hal yang sama ğŸ¥² kalo bisa coba ganti deâ€¦ https://t.co/UdipwBqIEg"
561,"@tanyarlfes beli laptop, hp, nonton konser kpop,beli baju, treatment, nyalon, parfum, byk deh"
562,"@5ecretNumber @JP_5ecretNumber @5N_TRENDS
#SECRET_NUMBER #DOXA
â€¼ REMINDER â€¼
Ini aturan ketika kalian mau streamingâ€¦ https://t.co/7uBYZ6qh7c"
563,@tokopedia Lagi nabung buat beli laptop baru merk HP yang ini nih min. Soalnya laptop yang lama udah usia 11 tahunâ€¦ https://t.co/DIc9bklJsP
564,"Visalia: ""The technician is very knowledgable and helpful.  My son dented the plastic lens on my HP laptop camera,â€¦ https://t.co/nXzyUMy4sq"
565,"RT @kype_computers: Brilliance in craftsmanship, For the kings, not the slaves. 
HP Pavilion Laptop 14
*IntelÂ® Coreâ„¢ i5-1255G7
*8 GB DDR4-3â€¦"
566,@kochengfs Sama kaya eneng ğŸ¥² untungnya ga sampe kirim email sih. Cuman ngancurin laporan jadi banyak absjdkemalzzxxâ€¦ https://t.co/nhIrc2TFC6
567,"RT @5N_Streams: 3 jam lagi MV DOXA ada di YT â€¼ï¸

Mulai siap2 keys â€¼ï¸

Siapin SEMUA gadget2 seperti HP, LAPTOP, TABLET, KOMPUTER dll.

Entahâ€¦"
568,"@HPIndia @kempatel @geekyranjit @TechnicalGuruji @Lenovo_in @cromaretail @thetanmay 
Need help .. my Spector laptopâ€¦ https://t.co/6jWHnkjKjy"
569,"RT @BanannaP: Checking out 17"" AMD iGPU @HP laptops, and this one looks good in its base config + 1080p screen option (with post-purchase uâ€¦"
570,"RT @BanannaP: I understand that this laptop is on the cheaper side and this could be mitigated with a USB hub, but still, since when cheapeâ€¦"
571,"RT @5N_Streams: 3 jam lagi MV DOXA ada di YT â€¼ï¸

Mulai siap2 keys â€¼ï¸

Siapin SEMUA gadget2 seperti HP, LAPTOP, TABLET, KOMPUTER dll.

Entahâ€¦"
572,RT @Kavishmehta93: @HPIndia @kempatel @kempatel  i am customer of hp Spector laptop . Bring to your notice that i had issue with my laptopâ€¦
573,"@PartaiSocmed kalo utang bank harusnya utk hal2 yg naik valuenya misal rumah,tanah,dsj..
kalo utk mobil/motor/laptoâ€¦ https://t.co/dhoOMvWPfG"
574,"RT @DSC_RPF_SWR_UBL: #RPFHubballiDivision Under #OperationAmanat On duty Anand Jangal, Head Constable/BGM secured left over Bag containingâ€¦"
575,"@OOTDFESS ini nderr totebag akuu dari SVGGEST
dia totebag ada resletingnya jadi aman bangett, muat laptop gaming, bâ€¦ https://t.co/xmPktOZYxd"
576,SATA Hard Drive HDD Connector Flex Cable For HP Pavilion 14-ce1001TU ENVY 15 15-j105tx 15-j Laptop DW15 6017B041680â€¦ https://t.co/yPXTop0FFP
577,"HP Newest Pavilion 15.6â€ Laptop. Intel Pentium Quad-Core Processor. Micro-Edge Display. RJ-45 Ethern
NOW: $439.99
Wâ€¦ https://t.co/tmjQmUvE6j"
578,@FriedKelapa Rasa cm x percaya je ğŸ¤£ nk transfer video tu dekat laptop tapi mcm berat gile sbb bnyk sgt video kt hp ni.
579,"RT @INDOMYSPOTIFY: MY, menyambut kedatangan mas AgustD tolong yah, kita streaming party dulu lagu-lagunya Yoongi.
Ayok putar lagi playlistâ€¦"
580,"RT @5N_Streams: 3 jam lagi MV DOXA ada di YT â€¼ï¸

Mulai siap2 keys â€¼ï¸

Siapin SEMUA gadget2 seperti HP, LAPTOP, TABLET, KOMPUTER dll.

Entahâ€¦"
581,"RT @5N_Streams: 3 jam lagi MV DOXA ada di YT â€¼ï¸

Mulai siap2 keys â€¼ï¸

Siapin SEMUA gadget2 seperti HP, LAPTOP, TABLET, KOMPUTER dll.

Entahâ€¦"
582,"@ohmybeautybank tas doraemon ku yg semua nya masukğŸ¥²ğŸ‘ bawa laptop, charger hp, charger laptop, kabel olor, pouch mekâ€¦ https://t.co/rjiJ8BgNTs"
583,"RT @kring_pajak: @chamoine_ 4. Gunakan browser yang berbeda; 
5. Silakan mencoba dengan menggunakan perangkat lain, (contoh: komputer/laptoâ€¦"
584,"We Bulk buy Used Servers, Laptops, HP, Apple, Dell. Fast process same day payment. Contact us: ğŸ“± +919980196197
ğŸ“§ inâ€¦ https://t.co/xkTJOMi758"
585,RT @UGM_FESS: Permisi ugm_fess teman2 bagi yang menemukan tas laptop HP Pavilion (Hitam ijo) berisi Laprak atas nama Widhi Adji Darma dariâ€¦
586,1/ US used HP Elite X2 1012 Laptop intel core M7SPECIFICATIONS:Intel core M7 Processor8gig of RAM256gig of SSD drivâ€¦ https://t.co/wvY8qtsMz3
587,"@unnesmenfess aku juga digituin kok hehe :) gara"" kakakku bisa masuk kedokteran, sedangkan aku gagal dan masuk hukuâ€¦ https://t.co/ANHz8m41dm"
588,"RT @INDOMYSPOTIFY: MY, menyambut kedatangan mas AgustD tolong yah, kita streaming party dulu lagu-lagunya Yoongi.
Ayok putar lagi playlistâ€¦"
589,USB C Laptop Docking Station HUB To HDMI-compatible USB 3.0 Hub Adapter Type C HUB for MacBook Pro Lenovo ThinkPadâ€¦ https://t.co/yj6p4AdYFZ
590,"@abhishekankit10 @HPIndia Hi ABHISHEK 

Thanks for reaching out to us.
Could you share the serial number of your laâ€¦ https://t.co/w7CpBZwWkC"
591,"ni fotoo di hp gue kok banyak banget cok, males bgt pindahin ke laptopğŸ˜¿"
592,"High quality HP EliteBook Folio 9480m laptop available for Sale at a giveaway price @InsideOsogbo
Prove of ownershiâ€¦ https://t.co/jLN4KV8s02"
593,"@siapaaaaa_aku tp td kucoba di hp bisa, di laptop gabisaa trs aku reinstall baru bisa wkwkwk"
594,@sp4cecar ini ada caranya tp kyknya cmn di laptop (gatau kl di hp) https://t.co/62spQnNcEG
595,"RT @5N_Streams: 3 jam lagi MV DOXA ada di YT â€¼ï¸

Mulai siap2 keys â€¼ï¸

Siapin SEMUA gadget2 seperti HP, LAPTOP, TABLET, KOMPUTER dll.

Entahâ€¦"
596,"RT @5N_Streams: 3 jam lagi MV DOXA ada di YT â€¼ï¸

Mulai siap2 keys â€¼ï¸

Siapin SEMUA gadget2 seperti HP, LAPTOP, TABLET, KOMPUTER dll.

Entahâ€¦"
597,"@rhythmndev Just so you know, SSD, Processor, RAM, and other little stuff are the things to look at when getting aâ€¦ https://t.co/ehICgb549U"
598,"Laptop ğŸ’» mfg. in India ğŸ‡®ğŸ‡³:

HP: CHN 
Dell: CHN
Lenovo: Pondy
Acer: Pondy+Noida

Missing: Apple (soon), Asus (soon),â€¦ https://t.co/e4AvLYeBbb"
599,"RT @5N_Streams: 3 jam lagi MV DOXA ada di YT â€¼ï¸

Mulai siap2 keys â€¼ï¸

Siapin SEMUA gadget2 seperti HP, LAPTOP, TABLET, KOMPUTER dll.

Entahâ€¦"
600,"@literarybase Di hp juga bisa sih, tapi lebih gede di laptop wkwk"
601,"RT @unnesmenfess: -ness tolong kalo ada yg nemuin/jual laptop HP warna silver ada stiker kartun2 kayak gitu, laptop temenku ilang di gang câ€¦"
602,"RT @5N_Streams: 3 jam lagi MV DOXA ada di YT â€¼ï¸

Mulai siap2 keys â€¼ï¸

Siapin SEMUA gadget2 seperti HP, LAPTOP, TABLET, KOMPUTER dll.

Entahâ€¦"
603,"RT @5N_Streams: 3 jam lagi MV DOXA ada di YT â€¼ï¸

Mulai siap2 keys â€¼ï¸

Siapin SEMUA gadget2 seperti HP, LAPTOP, TABLET, KOMPUTER dll.

Entahâ€¦"
604,"Jangankan laptop, pake hp juga bisa kalo kucing gue. https://t.co/42Zc4oJFsx https://t.co/FrBGWqZHUZ"
605,"RT @kanyi_254: You all need a quality laptop with a good processor visit @ECB001 and get one.
ğŸ”¹PRICE KSH 34000ğŸ’¥
ğŸ”¹HP PROBOOK 430 G5 8TH GENâ€¦"
606,"@Overkill_PCs @secretlabchairs @Phanteks @CORSAIR I really hope I win this', I always wanted to have a great experiâ€¦ https://t.co/NUeYW97Ku6"
607,RT @UGM_FESS: Permisi ugm_fess teman2 bagi yang menemukan tas laptop HP Pavilion (Hitam ijo) berisi Laprak atas nama Widhi Adji Darma dariâ€¦
608,"RT @5N_Streams: 3 jam lagi MV DOXA ada di YT â€¼ï¸

Mulai siap2 keys â€¼ï¸

Siapin SEMUA gadget2 seperti HP, LAPTOP, TABLET, KOMPUTER dll.

Entahâ€¦"
609,"HP EliteBook 840 G3
14"" FHD Screen
Core i5
6th Generation
8GB RAM, 256GB SSD
Refurbished

90 Days Warranty
Price: Kâ€¦ https://t.co/TzfdLuszZi"
610,"HP Probook 6560b
 Core i5 
4GB Memory 
500GB Hard Disk
 15.6"" Display
@19000

Call / WhatsApp 
+254 727 556 795
+25â€¦ https://t.co/0Yne0IgCny"
611,Hp spectre Silver Edition Gem Cut X360 /core i7 10th generation/16GB Ram/512GB SSD/13 Inch display/Touchscreen/Backâ€¦ https://t.co/1asavjr2jC
612,Permisi ugm_fess teman2 bagi yang menemukan tas laptop HP Pavilion (Hitam ijo) berisi Laprak atas nama Widhi Adji Dâ€¦ https://t.co/9d57vAxOXg
613,"Your Laptop giving you trouble? Don't worry, we've got you covered! We provide the best and one stop solutions forâ€¦ https://t.co/JlMDB4yfXI"
614,"Laptop Model : HP-15DA
Issues/Repair : Dust blocking, Overheat/Board Services 
.
We provide Apple Mac, Macbook, Comâ€¦ https://t.co/U43yTMASHa"
615,"RT @5N_Streams: 3 jam lagi MV DOXA ada di YT â€¼ï¸

Mulai siap2 keys â€¼ï¸

Siapin SEMUA gadget2 seperti HP, LAPTOP, TABLET, KOMPUTER dll.

Entahâ€¦"
616,"@notyourshin Biasanya hp yang begitu, baru kali ini liat di laptop"
617,"HP Elitebook 8460p 
Core i5 
4GB Memory 
500GB Hard Disk 
14"" display
Windows 10 
@19000

Call / WhatsApp 
+254 727â€¦ https://t.co/sE22dEJhPl"
618,"guys mau nanya dong, buat yg mindahin video dr hp ke laptop biar qualitasnya sama tuh gmn ya? especially yg pake ipâ€¦ https://t.co/NxDwUiZ5k6"
619,@convomf Bisa ga sih nama wifi nya di ganti lewat hp/laptop gitu?
620,"IH MEME KU DIKIT BANGETğŸ¥²ğŸ¥²ğŸ¥²ğŸ¥²

semenjak pindah folder ke laptop, meme di hp berkurang ğŸ¥¹ğŸ¥¹ğŸ¥¹"
621,@dsertoo jgn pke wifi terus login di web. kl di laptop coba ganti wifinya pke hotspot hp
