0,"RT @ubondesigner: I have this HP Z24n monitor, 24 inches, FULL HD sale üìå 

Serious buyers shoot me a dmüòÆ‚Äçüí®

Location: Port Harcourt 
Please‚Ä¶"
1,"RT @ubondesigner: I have this HP Z24n monitor, 24 inches, FULL HD sale üìå 

Serious buyers shoot me a dmüòÆ‚Äçüí®

Location: Port Harcourt 
Please‚Ä¶"
2,"RT @ubondesigner: I have this HP Z24n monitor, 24 inches, FULL HD sale üìå 

Serious buyers shoot me a dmüòÆ‚Äçüí®

Location: Port Harcourt 
Please‚Ä¶"
3,@marcin37843276 üòÇüòÇüòÇüòÇ Bƒôdzie mi ciasno w ≈Ç√≥≈ºku. Cholerka mam jeszcze mojego HP [wypatroszyƒá trza] i monitor LG te≈º. üòú
4,"üèÜOferta: -38%‚û°
HP OMEN 27c QHD ‚Äì Monitor Gaming de 27&amp;#34; Quad HD (2560 x 1440 a 240Hz, VA, Curvatura 1000R, 16:9,‚Ä¶ https://t.co/qe4qqDmXtj"
5,"RT @ubondesigner: I have this HP Z24n monitor, 24 inches, FULL HD sale üìå 

Serious buyers shoot me a dmüòÆ‚Äçüí®

Location: Port Harcourt 
Please‚Ä¶"
6,"RT @ubondesigner: I have this HP Z24n monitor, 24 inches, FULL HD sale üìå 

Serious buyers shoot me a dmüòÆ‚Äçüí®

Location: Port Harcourt 
Please‚Ä¶"
7,"RT @ubondesigner: I have this HP Z24n monitor, 24 inches, FULL HD sale üìå 

Serious buyers shoot me a dmüòÆ‚Äçüí®

Location: Port Harcourt 
Please‚Ä¶"
8,"HP X34 UWQHD Gaming Monitor
If you have any inquiries or purchase orders, you can send us email and please don't he‚Ä¶ https://t.co/R4JXiB2hw9"
9,"@koroyuri_zakki „Åù„Çå„ÅØ„ÅÇ„Çä„Åù„ÅÜ„Åß„Åô„Å≠ÔºÅ
HP‰ΩúÊàê„ÇíËá™ÂàÜ„ÅßË°å„Å£„Å¶„ÅÑ„Çã„Å®„Åì„Çç„ÅØÂ∞ë„Å™„ÅÑ„Åß„Åó„Çá„ÅÜ„Åó„ÄÅ„Ç≥„Éî„ÉºË®ò‰∫ã„ÅåÊé≤Ëºâ„Åï„Çå„Å¶„ÅÑ„Çã„Åì„Å®„Å´Ê∞ó„Å•„ÅÑ„Å¶„ÅÑ„Å™„ÅÑÁóÖÈô¢„ÅåÂ§ö„Åù„ÅÜ„Åß„Åôüòá"
10,"‚úÖstock: 2023/05/24 08:40(EST)

HP 23.8 inches V24i G5 FHD Monitor, AMD FreeSync Technology, HDCP Supp $119.99

‚û°Ô∏è‚Ä¶ https://t.co/ptiBVH31MZ"
11,"RT @ubondesigner: I have this HP Z24n monitor, 24 inches, FULL HD sale üìå 

Serious buyers shoot me a dmüòÆ‚Äçüí®

Location: Port Harcourt 
Please‚Ä¶"
12,"RT @ubondesigner: I have this HP Z24n monitor, 24 inches, FULL HD sale üìå 

Serious buyers shoot me a dmüòÆ‚Äçüí®

Location: Port Harcourt 
Please‚Ä¶"
13,"I have this HP Z24n monitor, 24 inches, FULL HD sale üìå 

Serious buyers shoot me a dmüòÆ‚Äçüí®

Location: Port Harcourt‚Ä¶ https://t.co/Kf9xCzLuKV"
14,(Renewed) HP EliteDesk 19‚Ä≥ All-in-One Desktop Computer Set (Intel i5 6th Gen/8 GB DDR4 RAM/256 GB SSD /19‚Ä≥ HD Monit‚Ä¶ https://t.co/RksrLoqg9x
15,"üñ• HP X27 Gaming Monitor, 68,6 cm / 27 Zoll, FHD, 165 Hz, 1 ms, IPS, Schwarz f√ºr 177 EUR inkl. VSK #DE

Zum Deal ‚ñ∂‚Ä¶ https://t.co/1UL4ZZmT94"
16,"@tama_monitor ÂåªÁôÇÈñ¢‰øÇËÄÖ„ÇÇ„ÅäÂøô„Åó„ÅÑ„Åß„Åó„Çá„ÅÜ„Åã„Çâ„ÄÅHP‰ΩúÊàê„Åä‰ªª„ÅõÂæå„ÅØ„ÄÅË®∫ÁôÇ‰∫àÁ¥Ñ„Éö„Éº„Ç∏„ÇÑÈô¢ÂÜÖ„Éñ„É≠„Ç∞‰ª•Â§ñ„ÄÅ„ÅÇ„Åæ„Çä„ÉÅ„Çß„ÉÉ„ÇØ„Åï„Çå„Å™„ÅÑ„ÅÆ„Åã„ÇÇ„Åó„Çå„Åæ„Åõ„Çì„Çà„Å≠üí¶
„Ç¢„É´„Ç¥„É™„Ç∫„É†„ÅØÊ∞∏ÈÅ†„ÅÆË¨é„Åß„Åô„Å≠üòá"
17,"‚úÖstock: 2023/05/24 05:40(EST)

HP 24mh FHD Monitor - Computer Monitor with 23.8-Inch IPS Display (108 $149.99

‚û°Ô∏è‚Ä¶ https://t.co/T2xVn59pJd"
18,"Elara Specials - 24in Monitor, HP Elite PC, WD 1TB SSD and more - https://t.co/dCNaGgDNvP https://t.co/bWwQQVZ2ed"
19,DMS-59 Pin 5.9mm Male to 2 VGA 15 Pin Female Splitter Adapter Cable Lead Wire For HP Monitor TV Projector Computer‚Ä¶ https://t.co/8Rv1iNi5qJ
20,"HP MONITOR INCH 23
AVAILABLE 
130,000/= FIXED

CALL +255659454394

WHATSAPP +255659454394
LINK WHATSAPP‚Ä¶ https://t.co/6oAZTfJdkt"
21,"USED DESKTOP HP P3500 üëá
‚òë Processor: Intel Core I5 3rd Gen
‚òë Ram : 4 GB
‚òë Storage : 500 GB HDD
‚òë USED MONITOR HP 19‚Ä¶ https://t.co/UmUkUwgCFF"
22,"Portable OLED Monitors That Work with Steam Decks
One model that's perfect for those who want an OLED monitor that‚Ä¶ https://t.co/FUR5hN6WkA"
23,"Portable OLED Monitors That Work with Steam Decks
One model that's perfect for those who want an OLED monitor that‚Ä¶ https://t.co/rfsQpLJKfM"
24,"Monitor HP 22"": difficile trovare di meglio a questo prezzo https://t.co/BOc2KOLGPf"
25,"RT @samsiria: BRAND NEW Hp monitor 

Features :
‚úÖBuilt in camera
‚úÖ display size 27‚Äù
‚úÖresolution FHD (1920 x 1080)
‚úÖwebcam resolution 5 MP
‚úÖ‚Ä¶"
26,"‚úÖstock: 2023/05/24 02:20(EST)

HP 23.8 inches V24i G5 FHD Monitor, AMD FreeSync Technology, HDCP Supp $119.99

‚û°Ô∏è‚Ä¶ https://t.co/ZeYIYiscw0"
27,"üí• CHOLLO‚ÄºÔ∏è #amazon
Monitor HP OMEN 27c QHD Gaming de 27"" con 2560x1440, 240Hz, VA, curvatura 1000R, 1ms, HDMI, Low‚Ä¶ https://t.co/4SijjWsNK6"
28,"‚úÖstock: 2023/05/23 23:20(EST)

HP 24mh FHD Monitor - Computer Monitor with 23.8-Inch IPS Display (108 $149.99

‚û°Ô∏è‚Ä¶ https://t.co/r4sX8cMNMw"
29,"üëìOferta: -37%üëì
HP X27c ‚Äì Monitor Gaming de 27‚Äù Full HD (1920 x 1080 a 165Hz, VA, 1ms, Curvatura 1500R, Antirreflejo‚Ä¶ https://t.co/whNzPxsilP"
30,"Why is it that my HP monitor sometimes refuses to play iTunes movies because of a lack of HDR support, but other ti‚Ä¶ https://t.co/4AKrCZbgLj"
31,"üß°Oferta: -38%üíô
HP OMEN 27c QHD ‚Äì Monitor Gaming de 27&amp;#34; Quad HD (2560 x 1440 a 240Hz, VA, Curvatura 1000R, 16:9,‚Ä¶ https://t.co/9Utii9cODa"
32,"‚úÖstock: 2023/05/23 20:20(EST)

HP V27i G5 FHD Monitor, AMD FreeSync Technology, HDCP Support for HDMI $144.99

‚û°Ô∏è‚Ä¶ https://t.co/hCAev3vBp7"
33,"‚úÖstock: 2023/05/23 19:40(EST)

HP 23.8 inches V24i G5 FHD Monitor, AMD FreeSync Technology, HDCP Supp $119.99

‚û°Ô∏è‚Ä¶ https://t.co/J9aiUsWWR3"
34,HP RP9 G1 Retail System Model 9015 - W/ HP L7014 LCD Monitor and Stand included! eBay https://t.co/cvskG2oLXT https://t.co/9hafSWScgK
35,Amazon has the HP 32-inch Curved Gaming Monitor VA HA FHD 1ms 165hz for $199.99 (35% off) https://t.co/FKce3EpFmJ
36,"üíõOferta: -37%üí•
HP X27c ‚Äì Monitor Gaming de 27‚Äù Full HD (1920 x 1080 a 165Hz, VA, 1ms, Curvatura 1500R, Antirreflejo‚Ä¶ https://t.co/Yf0kouPhqg"
37,"USB C Docking Station Dual Monitor, USB C Dock Stand Dual HDMI, USB C HUB with Vertical Stand for Dell/Hp/Surface P‚Ä¶ https://t.co/Exh8UTFm76"
38,"‚úÖstock: 2023/05/23 17:00(EST)

HP 24mh FHD Monitor - Computer Monitor with 23.8-Inch IPS Display (108 $149.99

‚û°Ô∏è‚Ä¶ https://t.co/W939Ta8Xbn"
39,@kianangu Blessed that work paid but here she is!!! : https://t.co/zIhf6NYvqw
40,"The Best Memorial Day Deals on Monitors: Save on Samsung, Dell, HP &amp; More https://t.co/AJNTqneyhe"
41,"RT @samsiria: BRAND NEW Hp monitor 

Features :
‚úÖBuilt in camera
‚úÖ display size 27‚Äù
‚úÖresolution FHD (1920 x 1080)
‚úÖwebcam resolution 5 MP
‚úÖ‚Ä¶"
42,"RT @samsiria: BRAND NEW Hp monitor 

Features :
‚úÖBuilt in camera
‚úÖ display size 27‚Äù
‚úÖresolution FHD (1920 x 1080)
‚úÖwebcam resolution 5 MP
‚úÖ‚Ä¶"
43,"BRAND NEW Hp monitor 

Features :
‚úÖBuilt in camera
‚úÖ display size 27‚Äù
‚úÖresolution FHD (1920 x 1080)
‚úÖwebcam resolut‚Ä¶ https://t.co/uvB3g71yOL"
44,"üìå HP - PC V22ve G5 Monitor da 22"", FHD, 16:9, Antiriflesso, Pannello VA da 75Hz, Tempo di Risposta 5 ms, Reclinabil‚Ä¶ https://t.co/iUSxhSWkxW"
45,"RT @njugunapaul124: HP M24f FHD IPS Monitor VGA HDMI On-screen Controls

24‚Ä≥ IPS diagonal display
FHD (1920 x 1080)
3-sided micro-edge beze‚Ä¶"
46,C'mon @HP - you monitor social media so let's hear your explanation of this. I know a lot of others who want to hea‚Ä¶ https://t.co/QaQLz9cHAz
47,"üí∏Oferta: -38%üëì
HP OMEN 27c QHD ‚Äì Monitor Gaming de 27&amp;#34; Quad HD (2560 x 1440 a 240Hz, VA, Curvatura 1000R, 16:9,‚Ä¶ https://t.co/XMoEBL56aS"
48,"WARRKY 4K DisplayPort to HDMI Adapter, Display Port to HDMI Port, [1440P@60Hz, 1080P@120Hz] No-Latch Uni-Direction‚Ä¶ https://t.co/Fs8Q7qTQWM"
49,"@dudu_hirose   Pc: hp omen 35L
RTX 3060 Ti
Ryzen 7 5800x
16gb ram

Mouse: Razer Deathadder v3 pro 
Teclado: gk61 sw‚Ä¶ https://t.co/7EJnlY5t7Z"
50,"‚úÖstock: 2023/05/23 09:20(EST)

HP 23.8 inches V24i G5 FHD Monitor, AMD FreeSync Technology, HDCP Supp $119.99

‚û°Ô∏è‚Ä¶ https://t.co/9mfMwIcpZW"
51,@CHINMAY142004 @MiIndiaSupport @XiaomiIndia @anirudh_2103_ @ashwatnandagaw1 @encoword @GHOST_ASR @MicrosoftvApple S‚Ä¶ https://t.co/3aCqlvh1RW
52,"HP OMEN 27c QHD ‚Äì Monitor Gaming de 27"" Quad HD (2560 x 1440 a 240Hz, VA, Curvatura 1000R, 16:9, 1ms, HDMI, Low Blu‚Ä¶ https://t.co/zfeJl5dnlV"
53,"‚úÖstock: 2023/05/23 07:40(EST)

HP V223ve FHD Monitor, 1080p VA Display,75Hz Refresh Rate, 21.5-inch C $109.99

‚û°Ô∏è‚Ä¶ https://t.co/6sfgSU2YoO"
54,"üí• Monitor curvo HP OMEN QHD de 27"" por 329‚Ç¨ ¬°¬°38% de descuento!!

üëâ https://t.co/drlGQDHRWX https://t.co/xrPHHE6ZOG"
55,Este monitor gaming con pantalla curva de HP tiene 165 Hz y un descuentazo en PcComponentes  https://t.co/BzqamJrokX
56,"‚úÖstock: 2023/05/23 05:40(EST)

HP 24mh FHD Monitor - Computer Monitor with 23.8-Inch IPS Display (108 $149.99

‚û°Ô∏è‚Ä¶ https://t.co/0mA6I8EWS2"
57,"@dudu_hirose Ryzen5 5600g
16gb RAM 3200mhz 
Monitor Principal: Gamer Ninja 23,6'' 165Hz 
Monitor secund√°rio: Acer 2‚Ä¶ https://t.co/XXZZDsqU2J"
58,Display Port DP To HDMI-Compatible 4K 1080P Male To Female Cable PC TV Mini Projector Television Monitor Projetor F‚Ä¶ https://t.co/G4GBveUaRI
59,"‚û°Ô∏è https://t.co/LlvYZsq3XO

HP X 24c ‚Äì Monitor Gaming de 24"" Full HD (1920 x 1080 a 144Hz, VA, 4ms, HDMI, Curvatura‚Ä¶ https://t.co/rW0HbzOm9w"
60,"‚ÜóÔ∏èVer en Amazon https://t.co/d0Qg12YTZj

HP X 24c ‚Äì Monitor Gaming de 24"" Full HD (1920 x 1080 a 144Hz, VA, 4ms, HD‚Ä¶ https://t.co/1yVBreHh79"
61,"üëìOferta: -37%üòç
HP X27c ‚Äì Monitor Gaming de 27‚Äù Full HD (1920 x 1080 a 165Hz, VA, 1ms, Curvatura 1500R, Antirreflejo‚Ä¶ https://t.co/Eq8Q2EkiT7"
62,"‚úÖstock: 2023/05/23 03:00(EST)

HP 23.8 inches V24i G5 FHD Monitor, AMD FreeSync Technology, HDCP Supp $119.99

‚û°Ô∏è‚Ä¶ https://t.co/LMX3ITKjCX"
63,"@convomf Jangankan komputer hp juga bisa, yg penting jarak antara mata sama monitor jgn terlalu deket, cahayanya ju‚Ä¶ https://t.co/ksEHcTcxKa"
64,@philvee727 the gaming keyboard on that square HP monitor with that cheap mouse and tower fr!!
65,HP OMEN 27s 240Hz IPS 1080p Gaming Monitor with 1ms #HP #OMEN27s #240Hz #IPS #1080p #GamingMonitor #1ms #Gaming‚Ä¶ https://t.co/jOece0vxsl
66,"RT @samsiria: BRAND NEW Hp monitor 

Features :
‚úÖBuilt in camera
‚úÖ display size 27‚Äù
‚úÖresolution FHD (1920 x 1080)
‚úÖwebcam resolution 5 MP
‚úÖ‚Ä¶"
67,"I think my laptop is done for, It turns on  but won't connect to my monitor no matter how many times I change the H‚Ä¶ https://t.co/FQ6p6ogiWg"
68,"‚úÖstock: 2023/05/22 23:20(EST)

HP 24mh FHD Monitor - Computer Monitor with 23.8-Inch IPS Display (108 $149.99

‚û°Ô∏è‚Ä¶ https://t.co/Dzai7W8JPQ"
69,"@ledgedemon Playing in a slow monitor or tv is pain.
Things just go slowers and inputs dont match what you see.

Af‚Ä¶ https://t.co/LbzjNNZP6E"
70,De raz√≥n que tiene tanto cabello ese hp. Lo necesita para ocultar ese pedazo de nuez que tiene dentro del craneo. E‚Ä¶ https://t.co/Et8XKZhr71
71,"‚úÖstock: 2023/05/22 20:20(EST)

HP 23.8 inches V24i G5 FHD Monitor, AMD FreeSync Technology, HDCP Supp $119.99

‚û°Ô∏è‚Ä¶ https://t.co/r6I42cQ3SV"
72,"HP Home Office Bundle with 2 x E223 22"" Monitors (HDMI, DisplayPort) USB-C Dock - Dual Monitor Stand - Wireless Key‚Ä¶ https://t.co/WlhUBbyGTt"
73,"HP OMEN - 34c QHD Curved 165Hz FreeSync Gaming Monitor (DisplayPort, HDMI, Audio Jack)

$479.99 - Best Buy‚Ä¶ https://t.co/AyWEhduUgc"
74,"HP OMEN - 27"" IPS QHD 240Hz FreeSync and G-SYNC Compatible Gaming Monitor (DisplayPort, HDMI, USB) - Black

$429.99‚Ä¶ https://t.co/pzXLwAQUSc"
75,"‚ö°TRENDING‚ö°HP 27mq ‚Äì Monitor Ultrafino de 27‚Äù Quad HD (2560 x 1440, 60Hz, 5ms, IPS L... https://t.co/pvceEsWS2y"
76,"‚úÖstock: 2023/05/22 17:00(EST)

HP 24mh FHD Monitor - Computer Monitor with 23.8-Inch IPS Display (108 $149.99

‚û°Ô∏è‚Ä¶ https://t.co/TeuY25LOD3"
77,"Lote de PC Hp Prodesk 
Intel Core i5 3ra Gen 
8gb en ram 
Disco 500gb 
Monitor 19‚Äù 
 üéÅ Regalo üéÅ 
Teclado y Mouse 
$‚Ä¶ https://t.co/t6KNWynljF"
78,"üìç HP X27c ‚Äì Monitor Gaming de 27‚Äù Full HD (1920 x 1080 a 165Hz, VA)

üí∞ Por solo 175,00‚Ç¨ en lugar de 279,00‚Ç¨ (-37%)‚Ä¶ https://t.co/VKM8oDAcyb"
79,"RT @samsiria: BRAND NEW Hp monitor 

Features :
‚úÖBuilt in camera
‚úÖ display size 27‚Äù
‚úÖresolution FHD (1920 x 1080)
‚úÖwebcam resolution 5 MP
‚úÖ‚Ä¶"
80,"RT @Analise2023: üìà CRESCIMENTO - PIB

- De acordo com o Monitor do PIB, da FGV, economia cresceu 4,5% em mar√ßo e 3,6% no 1‚Å∞ trimestre, ante‚Ä¶"
81,"‚úÖ Monitor HP P22V G5 Full HD 1920 x 1080 px

üí≥Pagamenti Sicuri con PayPal.
üåêDisponibili pagamenti in CriptoValuta.‚Ä¶ https://t.co/dlmwfpKKvf"
82,"üëÄ BenQ Mobiuz EX240N Monitor da Gioco (23,8 pollici, 165hz)
üí∞ A 159,99‚Ç¨ invece di 189,00‚Ç¨
üîé https://t.co/zKD0qT2Mvm‚Ä¶ https://t.co/9wrb3gJmAo"
83,"üëÄ BenQ Mobiuz EX240N Monitor da Gioco (23,8 pollici, 165hz)
üí∞ A 159,99‚Ç¨ invece di 189,00‚Ç¨
üîé https://t.co/l3xYIWTKOw‚Ä¶ https://t.co/Y052Vt2QT3"
84,"HP 17 Inch LCD Monitor (1280 x 1024), 160 Degree View Angle, 140 MHz Video Bandwith, VGA Port and DVI, Response Rat‚Ä¶ https://t.co/PMPvGyOxKP"
85,"RT @samsiria: BRAND NEW Hp monitor 

Features :
‚úÖBuilt in camera
‚úÖ display size 27‚Äù
‚úÖresolution FHD (1920 x 1080)
‚úÖwebcam resolution 5 MP
‚úÖ‚Ä¶"
86,"RT @samsiria: BRAND NEW Hp monitor 

Features :
‚úÖBuilt in camera
‚úÖ display size 27‚Äù
‚úÖresolution FHD (1920 x 1080)
‚úÖwebcam resolution 5 MP
‚úÖ‚Ä¶"
87,"BRAND NEW Hp monitor 

Features :
‚úÖBuilt in camera
‚úÖ display size 27‚Äù
‚úÖresolution FHD (1920 x 1080)
‚úÖwebcam resolut‚Ä¶ https://t.co/eYado7U2rd"
88,"@azallcom Bindirimleriniz √áok G√ºzel ü§¶ Baya ƒ∞lgi √áekici ü´§ https://t.co/A3X7X3clJD  2,750 liradan  3,229.05 liraya bi‚Ä¶ https://t.co/lsu6E9yPHO"
89,"‚Å£üëâ https://t.co/MIt1Z4E9q5 üëà
üñ• HP - PC V22ve G5 Monitor da 22"", FHD, 16:9, Antiriflesso, Pannello VA da 75Hz, Tempo‚Ä¶ https://t.co/fQnRb0XlbZ"
90,I think my 15 year old hp monitor has kicked the bucket. It keeps trying to pop into life but can't. It's just my s‚Ä¶ https://t.co/WChfVzQdhN
91,"üíöOferta: -37%üéØ
HP X27c ‚Äì Monitor Gaming de 27‚Äù Full HD (1920 x 1080 a 165Hz, VA, 1ms, Curvatura 1500R, Antirreflejo‚Ä¶ https://t.co/58SSBg4Doc"
92,"#Informatica #Offerte #Sconti #Amazon
üñ• HP - PC V22ve G5 Monitor da 22"", FHD

üí• Lo paghi 89,99‚Ç¨
‚ùå Invece di 139,99‚Ç¨‚Ä¶ https://t.co/ozt8GUOUOW"
93,"üí•Oferta: -37%üëâ
HP X27c ‚Äì Monitor Gaming de 27‚Äù Full HD (1920 x 1080 a 165Hz, VA, 1ms, Curvatura 1500R, Antirreflejo‚Ä¶ https://t.co/cgeJI6IgmJ"
94,"Corolla SEG 2.0

Cuenta con: 

-Panel de instrumentos con monitor

-Potencia m√°xima 170 Hp

-Capacidad de Combustib‚Ä¶ https://t.co/bttAe7rfnU"
95,"[$86.78]
[Amazon] HP E24d G4 23.8"" Full HD LED LCD Monitor - 16:9 - Black, Silver
Reason: Amazon Warehouse

Get the‚Ä¶ https://t.co/oJ89iYUS6P"
96,"[$51.73]
[Amazon] HP Pavilion 22cwa 21.5-Inch Full HD 1080p IPS LED Monitor, Tilt, VGA and HDMI (T4Q59AA) - 
Reason‚Ä¶ https://t.co/kIUVNM1CbK"
97,"Usg pertama suami sempet pegang hp bisa videoin gambar bayi di monitornya, usg kedua dia bilang lebih deg-degan sam‚Ä¶ https://t.co/dNvxqSsJBp"
98,"‚úÖstock: 2023/05/22 09:00(EST)

HP 23.8 inches V24i G5 FHD Monitor, AMD FreeSync Technology, HDCP Supp $119.99

‚û°Ô∏è‚Ä¶ https://t.co/SqLeSV3J8X"
99,"RT @s0ftkithy: WTS üìç

Monitor HP ZR2440w

Headset Steel Series Arctis 1 

Dm for info ü´∂üèª https://t.co/BR9lTfZu2F"
100,"HP OMEN 27c QHD ‚Äì Monitor Gaming de 27"" Quad HD (2560 x 1440 a 240Hz, VA, Curvatura 1000R, 16:9, 1ms, HDMI, Low Blu‚Ä¶ https://t.co/U9NZi09cwi"
101,"‚úÖstock: 2023/05/22 05:40(EST)

HP 24mh FHD Monitor - Computer Monitor with 23.8-Inch IPS Display (108 $149.99

‚û°Ô∏è‚Ä¶ https://t.co/hndMb5GO4U"
102,"[Components] WTB: 200, HP , monitor quick relase bracket 6KD15AA, used, offer EUR Link to the offer ‚Üì #WTB‚Ä¶ https://t.co/surOdWQk1F"
103,"HP X27qc ‚Äì Monitor Gaming de 27"" Quad HD (2560 x 1440 a 165Hz, VA, Cur... bajonazo desde 320 ‚Ç¨:
‚úÖ 259 ‚Ç¨ (PVP ‚ùå329 ‚Ç¨‚Ä¶ https://t.co/0W7Nk8E2AI"
104,"HP X27qc ‚Äì Monitor Gaming de 27"" Quad HD (2560 x 1440 a 165Hz, VA, Cur... bajonazo desde 320 ‚Ç¨:
‚úÖ 259 ‚Ç¨ (PVP ‚ùå329 ‚Ç¨‚Ä¶ https://t.co/RSzRC25K8r"
105,"HP X27qc ‚Äì Monitor Gaming de 27"" Quad HD (2560 x 1440 a 165Hz, VA, Cur... bajonazo desde 320 ‚Ç¨:
‚úÖ 259 ‚Ç¨ (PVP ‚ùå329 ‚Ç¨‚Ä¶ https://t.co/Ia08VUGKMh"
106,"HP 290 G4 Intel Core i3 10th Gen Complete Desktop, 4GB RAM, 1TB HDD, Windows 10, Mouse, Keyboard, Black Desktop, Mo‚Ä¶ https://t.co/rRZ0U8FWbk"
107,Por apenas cien euros podr√°s llevarte este monitor gaming de HP con todo lo necesario para jugar a 1080p en oferta‚Ä¶ https://t.co/Z1ivOMpAkS
108,"ÿßÿ≥ÿ™ŸÖÿ™ÿπ ÿ®ÿßŸÑÿ™ŸàÿµŸäŸÑ ÿßŸÑŸÖÿ¨ÿßŸÜŸä! ü§©

ŸÑÿß ÿ™ŸÅŸàÿ™ ÿßŸÑŸÅÿ±ÿµÿ© ŸàÿßŸÖÿ™ŸÑŸÉ ÿßŸÑÿ¢ŸÜ ÿ¨Ÿáÿßÿ≤ #ÿßŸÑŸÉŸÑŸÅŸäŸàÿßÿ≠ÿØ AIO HP 800 G1 ÿ™ÿµŸÖŸäŸÖ ÿ±ÿßÿ¶ÿπ ŸÖÿ≥ÿßÿ≠ÿ© ÿßÿµÿ∫ÿ± ÿßÿØÿßÿ° ŸÖŸÖ‚Ä¶ https://t.co/9VDYCjJ9gn"
109,"üí•HP OMEN 27c QHD ‚Äì Monitor Gaming de 27"" Quad HD (2560 x 1440 a 240Hz, VA, Curvatura 1000R, 16:9, 1ms, HDMI, Low Bl‚Ä¶ https://t.co/L56qVpUa5u"
110,"‚úÖstock: 2023/05/22 02:40(EST)

HP 23.8 inches V24i G5 FHD Monitor, AMD FreeSync Technology, HDCP Supp $119.99

‚û°Ô∏è‚Ä¶ https://t.co/WRKwf2xGLt"
111,"Laptop Docking Station Dual Monitor, 9 in 1 USB C Dock with 1000Mbps, 2 HDMI 4K, 100W PD, SD/TF Card Reader, 3 USB,‚Ä¶ https://t.co/8ZDkcbA8j7"
112,HP 27 INCH MONITOR AVAILABLE P27V G4 @Eunisim computes 0700196349 https://t.co/MSbj2VZJQ8
113,@xxvzvz hp omen 25 monitor
114,RT @JATINSI08528413: @Flipkart @Flipkart  i have been purchased HP M Series 27 inch Full HD LED Backlit IPS Panel Ultra Slim Bezel Monitor‚Ä¶
115,@Flipkart @Flipkart  i have been purchased HP M Series 27 inch Full HD LED Backlit IPS Panel Ultra Slim Bezel Monit‚Ä¶ https://t.co/wvw2cvfU4i
116,"‚úÖstock: 2023/05/21 23:20(EST)

HP 24mh FHD Monitor - Computer Monitor with 23.8-Inch IPS Display (108 $149.99

‚û°Ô∏è‚Ä¶ https://t.co/ytrpflcF6r"
117,"@yan621 @_mmcom JAPANNEXT„Åß„Åôüòä
ÂºäÁ§æ„ÅÆ„É¢„Éã„Çø„Éº„Ç¢„Éº„É†„ÇíË©±È°å„Å´„Åó„Å¶„ÅÑ„Åü„Å†„ÅÑ„Å¶„ÅÇ„Çä„Åå„Å®„ÅÜ„Åî„Åñ„ÅÑ„Åæ„Åô‚ú®
Ëâ≤„ÄÖ„Å™„ÅîË¶ÅÊúõ„Å´„ÅäÁ≠î„Åà„Åß„Åç„Çã„Çà„ÅÜ„ÄÅÂ§öÁ®ÆÂ§öÊßò„Å™„Çπ„Éö„ÉÉ„ÇØ„ÅÆË£ΩÂìÅ„Çí„ÅîÁî®ÊÑè„Åó„Å¶„Åä„Çä„Åæ„Åô„ÅÆ„Åß„ÄÅ„ÇÇ„ÅóËâØ„Åã„Å£„Åü„ÇâHP„ÇÇ„Åú„Å≤‚Ä¶ https://t.co/TK4WCR4Ixz"
118,"Baby Cam
Kamera CCTV yang bisa bergerak 340‚Å∞ 
bisa merekam audio dan video
penyimpanan menggunakan Micro SD bisa te‚Ä¶ https://t.co/mU4wOAaswA"
119,"‚úÖstock: 2023/05/21 20:20(EST)

HP 23.8 inches V24i G5 FHD Monitor, AMD FreeSync Technology, HDCP Supp $119.99

‚û°Ô∏è‚Ä¶ https://t.co/fq9quNUY0g"
120,"A quality monitor can make the difference between working efficiently, and slogging. We go hands-on with one of HP'‚Ä¶ https://t.co/CnmBXedbn5"
121,APASIH ANEH BGT MASA MEGANG HP MONITOR NYA YG DIBAWAH ALLAHU JATOH
122,"‚úÖstock: 2023/05/21 17:00(EST)

HP 24mh FHD Monitor - Computer Monitor with 23.8-Inch IPS Display (108 $149.99

‚û°Ô∏è‚Ä¶ https://t.co/lmmGbP7Q30"
123,"RT @samsiria: BRAND NEW Hp monitor 

Features :
‚úÖBuilt in camera
‚úÖ display size 27‚Äù
‚úÖresolution FHD (1920 x 1080)
‚úÖwebcam resolution 5 MP
‚úÖ‚Ä¶"
124,"RT @samsiria: BRAND NEW Hp monitor 

Features :
‚úÖBuilt in camera
‚úÖ display size 27‚Äù
‚úÖresolution FHD (1920 x 1080)
‚úÖwebcam resolution 5 MP
‚úÖ‚Ä¶"
125,"RT @samsiria: BRAND NEW Hp monitor 

Features :
‚úÖBuilt in camera
‚úÖ display size 27‚Äù
‚úÖresolution FHD (1920 x 1080)
‚úÖwebcam resolution 5 MP
‚úÖ‚Ä¶"
126,HoldPeak HP-882A Noise Measuring Instrument db Meter 30~130dB Mini Audio Sound Level Meter Decibel Monitor dropship‚Ä¶ https://t.co/po0D4iYpog
127,HP 24mq 24‚Äù Monitor im HP-Store https://t.co/6VGYqCHg6E
128,"Laptop Docking Station Dual Monitor, 9 in 1 USB C Dock with 1000Mbps, 2 HDMI 4K, 100W PD, SD/TF Card Reader, 3 USB,‚Ä¶ https://t.co/MpW1acKw9n"
129,"‚úÖstock: 2023/05/21 09:00(EST)

HP 23.8 inches V24i G5 FHD Monitor, AMD FreeSync Technology, HDCP Supp $124.99

‚û°Ô∏è‚Ä¶ https://t.co/7QJ7RW4EDN"
130,"Order Your Order Your HP X24ih Gaming Monitor.. 

#HP, #hpmonitor, #Monitor, #144hzmonitor, #fhdmonitor,‚Ä¶ https://t.co/bu8LISa8Qi"
131,"RT @samsiria: BRAND NEW Hp monitor 

Features :
‚úÖBuilt in camera
‚úÖ display size 27‚Äù
‚úÖresolution FHD (1920 x 1080)
‚úÖwebcam resolution 5 MP
‚úÖ‚Ä¶"
132,"RT @samsiria: BRAND NEW Hp monitor 

Features :
‚úÖBuilt in camera
‚úÖ display size 27‚Äù
‚úÖresolution FHD (1920 x 1080)
‚úÖwebcam resolution 5 MP
‚úÖ‚Ä¶"
133,"‚úÖstock: 2023/05/21 05:40(EST)

HP 24mh FHD Monitor - Computer Monitor with 23.8-Inch IPS Display (108 $149.99

‚û°Ô∏è‚Ä¶ https://t.co/uR5qNwEZgk"
134,Kalo kamu gadikasih laptop kantor saran aku mending beli laptop dulu. Excel di ipad tuh sederhana banget sama kayak‚Ä¶ https://t.co/wRvuuKqgGC
135,"Loving my current setup ü•∞

- Flexispot standing desk
- 22"" HP monitor (which is usually on its articulated arm)
- A‚Ä¶ https://t.co/3sFqj9dxSi"
136,"‚úÖstock: 2023/05/21 02:40(EST)

HP 23.8 inches V24i G5 FHD Monitor, AMD FreeSync Technology, HDCP Supp $124.99

‚û°Ô∏è‚Ä¶ https://t.co/STr7ukZUBC"
137,"BRAND NEW Hp monitor 

Features :
‚úÖBuilt in camera
‚úÖ display size 27‚Äù
‚úÖresolution FHD (1920 x 1080)
‚úÖwebcam resolut‚Ä¶ https://t.co/oTFIFTk30k"
138,"‚úÖstock: 2023/05/20 23:20(EST)

HP 24mh FHD Monitor - Computer Monitor with 23.8-Inch IPS Display (108 $149.99

‚û°Ô∏è‚Ä¶ https://t.co/WPmR3NHNLh"
139,"The HP 27F offers basic or entry-level specs in a sleek, minimalist package that delivers decent overall performanc‚Ä¶ https://t.co/a4918kA4CX"
140,"Proses nyari info begini tuh ketika di depan monitor atau layar hp. Bisa ngebuat bengong sendiri, senyum sendiri, m‚Ä¶ https://t.co/fZdQct7Pch"
141,"‚úÖstock: 2023/05/20 20:20(EST)

HP 23.8 inches V24i G5 FHD Monitor, AMD FreeSync Technology, HDCP Supp $124.99

‚û°Ô∏è‚Ä¶ https://t.co/97kD18kPwJ"
142,"PD 65W USB Type C Charger Power Adapter for LG Gram, Samsung,Lenovo,HP,Dell,ASUS,Acer,Huawei,Xiaomi InnoView Portab‚Ä¶ https://t.co/pJqJvHzxaO"
143,"RT @ViniciuSnK13: #setoplockgamer 
I7 10700K
Z490G ROG Strix
RTX 2070Super MSI Gaming X
Mem.Aorus RGB 3600mhz 32gb
NVMe m.2 HP EX950 1tb
Fo‚Ä¶"
144,"‚úÖstock: 2023/05/20 17:00(EST)

HP 24mh FHD Monitor - Computer Monitor with 23.8-Inch IPS Display (108 $149.99

‚û°Ô∏è‚Ä¶ https://t.co/ku3z6uuwMV"
145,"@GabbyDon8 Thank you, Gabby. The GPU is an Nvidia GeForce RTX 3070. Then, there's a HP laptop and the bigger monito‚Ä¶ https://t.co/XOM0wJ1dpv"
146,HP 24mh FHD Monitor - Computer Monitor with 23.8-Inch IPS Display (1080p) - Built-In Speakers and VESA Mounting - H‚Ä¶ https://t.co/rcQTLRGQck
147,Computer Monitor with 23.8-Inch IPS Display (1080p) - Built-In Speakers and VESA Mounting   https://t.co/6sBQKLU6tf https://t.co/eyO4Szdq1v
148,"RT @thaDev404: I have a fairly used HP 27"" FHD, 144Hz Refresh Rate, Curved Gaming Monitor up for sale.
Price is 120k(Neg).
Location: Lagos.‚Ä¶"
149,"RT @thaDev404: I have a fairly used HP 27"" FHD, 144Hz Refresh Rate, Curved Gaming Monitor up for sale.
Price is 120k(Neg).
Location: Lagos.‚Ä¶"
150,"‚Å£ HP 305 Nero, 3YM61AE
 12,99‚Ç¨
 https://t.co/TB0UK5kSxd

 Kingston DataTraveler Exodia M USB3.2 GEN 1, 128 GB
 9,95‚Ä¶ https://t.co/kkbR99hneo"
151,"I have a fairly used HP 27"" FHD, 144Hz Refresh Rate, Curved Gaming Monitor up for sale.
Price is 120k(Neg).
Locatio‚Ä¶ https://t.co/0LyzPjR3p6"
152,"@schangxbin ke setting hp, trs buka aplikasi management, abis itu buka twitter, trs cari permission monitor"
153,"‚úÖstock: 2023/05/20 09:00(EST)

HP 23.8 inches V24i G5 FHD Monitor, AMD FreeSync Technology, HDCP Supp $124.99

‚û°Ô∏è‚Ä¶ https://t.co/lKlgLPgS5v"
154,"Ada baiknya klo lg di kasir tu fokus. Biasanya ada monitor yg ngadep customer jg, nah klo ga ngerasa beli ya tanya.‚Ä¶ https://t.co/0FHFOMOe9P"
155,"Laptop Docking Station Dual Monitor, 9 in 1 USB C Dock with 1000Mbps, 2 HDMI 4K, 100W PD, SD/TF Card Reader, 3 USB,‚Ä¶ https://t.co/U99I7lpPJ9"
156,"‚úÖstock: 2023/05/20 05:40(EST)

HP 24mh FHD Monitor - Computer Monitor with 23.8-Inch IPS Display (108 $149.99

‚û°Ô∏è‚Ä¶ https://t.co/PpebxMYBaC"
157,"35% de descuento! 
HP X 24C Monitor Gaming Curvo 23.6"" Full HD 144Hz
‚≠ïÔ∏è https://t.co/JFLoehurAO
#oferta #chollo‚Ä¶ https://t.co/h9ZpzV0f5p"
158,"üî• HP V24ie G5 - Monitor de 24"" Full HD (1920 x 1080, 75Hz, 5ms, IPS, 16:9, AMD FreeSync, Low Blue Light, HDMI, VGA,‚Ä¶ https://t.co/vZjdF0gBmU"
159,"RT @njugunapaul124: HP M24f FHD IPS Monitor VGA HDMI On-screen Controls

24‚Ä≥ IPS diagonal display
FHD (1920 x 1080)
3-sided micro-edge beze‚Ä¶"
160,"‚úÖstock: 2023/05/20 02:40(EST)

HP 23.8 inches V24i G5 FHD Monitor, AMD FreeSync Technology, HDCP Supp $124.99

‚û°Ô∏è‚Ä¶ https://t.co/NiQwsWOi7V"
161,"RT @onkyodav: üé∏Á∂öÂ†±üé∏ TV„Ç¢„Éã„É°„Äé„Åº„Å£„Å°„Éª„Åñ„Éª„Çç„Å£„ÅèÔºÅ„ÄèCustom In-Ear Monitor Êú¨‰Ωì„Éá„Ç∂„Ç§„É≥Âàù„ÅäÊä´Èú≤ÁõÆ‚ú®
‚ñ†ÂØæË±°Ê©üÁ®Æ
„ÄåONKYO„ÉªFitEarÂÖ±ÂêåÈñãÁô∫„É¢„Éá„É´„Äç„Éû„Ç∞„Éç„Ç∑„Ç¶„É†ÊåØÂãïÊùøBA„Éâ„É©„Ç§„Éê„ÉºÊê≠Ëºâ „ÄêK1 Custom IE-K1Ôºà„Éï„É´„Ç´„Çπ„Çø‚Ä¶"
162,"MODERN, FUNCTIONAL DESIGN.

HP P24V G5 64W18AA 23.8"" FHD 75Hz Monitor will be available today at DataBlitz branches‚Ä¶ https://t.co/wTHmUQUM4e"
163,"HP M24f FHD IPS Monitor VGA HDMI On-screen Controls

24‚Ä≥ IPS diagonal display
FHD (1920 x 1080)
3-sided micro-edge‚Ä¶ https://t.co/6I7WEYA8d1"
164,Audio-Technica ATH-M50x Professional Monitor Headphones + Slappa Full Sized HardBody PRO Headphone Case (SL-HP-07)‚Ä¶ https://t.co/TcfC0u5lZt
165,DreamGalaxy+ News: See Yourself in Educational Global Media from XR to NFTs and beyond!  The INNOCN 27C1U-D 4K Comp‚Ä¶ https://t.co/tF5NidphP2
166,"RT @KissRemasters: Storage locker number 2 at work, and scored free stuff again!
A beautiful SONY HD Broadcast Studio fold back monitor! Th‚Ä¶"
167,"‚úÖstock: 2023/05/19 23:20(EST)

HP 24mh FHD Monitor - Computer Monitor with 23.8-Inch IPS Display (108 $149.99

‚û°Ô∏è‚Ä¶ https://t.co/nKroZtvdL6"
168,"Storage locker number 2 at work, and scored free stuff again!
A beautiful SONY HD Broadcast Studio fold back monito‚Ä¶ https://t.co/4mcL2xBjwU"
169,Pair the HP Pavilion Plus 14 with the INNOCN 13K1F OLED Portable Monitor for Increased Productivity‚Ä¶ https://t.co/OUQlPYOwJn
170,"‚úÖstock: 2023/05/19 20:00(EST)

HP 23.8 inches V24i G5 FHD Monitor, AMD FreeSync Technology, HDCP Supp $124.99

‚û°Ô∏è‚Ä¶ https://t.co/SPHuEdDOzS"
171,"@RyumiVt La silla que tengo me la regalo un amigo, como le toco irse pa Espa√±a y me la regalo, y pues tenia otra pa‚Ä¶ https://t.co/zfZHtn3wlE"
172,"‚úÖstock: 2023/05/19 17:00(EST)

HP 24mh FHD Monitor - Computer Monitor with 23.8-Inch IPS Display (108 $149.99

‚û°Ô∏è‚Ä¶ https://t.co/FxSKftIrVK"
173,Pair the HP Pavilion Plus 14 with the INNOCN 13K1F OLED Portable Monitor for Increased Productivity https://t.co/exGFSV4BES
174,I think everyone has the same HP monitor in Nigeria üòÇ
175,https://t.co/0kD9i4fcNC
176,"USB C Docking Station Dual HDMI Monitor Adapter, USB C Hub Multiple Monitor Adapter with Dual HDMI, Displayport, VG‚Ä¶ https://t.co/FVCtjzrUjw"
177,HP 24mh FHD Monitor - Computer Monitor with 23.8-Inch IPS Display (1080p) - Buil...üëâ https://t.co/N5XwICnSIp
178,HP 27h Full HD Monitor - Diagonal - IPS Panel &amp; 75Hz Refresh Rate - Smooth Scree...üëâ https://t.co/LHY8jrVXHl
179,"‚úÖstock: 2023/05/19 09:00(EST)

HP 23.8 inches V24i G5 FHD Monitor, AMD FreeSync Technology, HDCP Supp $124.99

‚û°Ô∏è‚Ä¶ https://t.co/RVH4Wrh60f"
180,"#Ordenadoresdesegundamano
Monitor HP 19"" LCD (HP1901WI)
 https://t.co/gfqouvxIwv https://t.co/4HfzpcXxbi"
181,"‚úÖstock: 2023/05/19 06:00(EST)

HP 24mh FHD Monitor - Computer Monitor with 23.8-Inch IPS Display (108 $149.99

‚û°Ô∏è‚Ä¶ https://t.co/biYI0PW1gz"
182,HP OMEN 24 with 165Hz is a Budget Monitor for Gamers and Editors #HP #OMEN #OMEN24 #165Hz #Monitor #Gamers #Editors‚Ä¶ https://t.co/gUSDtr14Ip
183,"[$179.99 was $249.99] HP M24fd FHD USB-C Monitor [FHD (1920 x 1080), 1000:1, 5ms GtG (with overdrive)]‚Ä¶ https://t.co/0BYTW11j54"
184,"‚úÖstock: 2023/05/19 02:40(EST)

HP 23.8 inches V24i G5 FHD Monitor, AMD FreeSync Technology, HDCP Supp $124.99

‚û°Ô∏è‚Ä¶ https://t.co/ddPxa0JT40"
185,"HP 24mq ‚Äì Monitor Ultrafino de 24‚Äù Quad HD (2560 x 1440, 60Hz, 5ms, IPS LED, 16:9, HDMI, VGA, Antirreflejo, Low Blu‚Ä¶ https://t.co/IZkSm0Gva3"
186,"‚úÖstock: 2023/05/18 23:40(EST)

HP 24mh FHD Monitor - Computer Monitor with 23.8-Inch IPS Display (108 $149.99

‚û°Ô∏è‚Ä¶ https://t.co/j8Z3s4cOTs"
187,"HP M27f FHD Monitor is built from lightweight, high-strength metal with a matte finish and high-polished resin, thi‚Ä¶ https://t.co/KYPFpe6w8V"
188,"‚úÖstock: 2023/05/18 19:20(EST)

HP 23.8 inches V24i G5 FHD Monitor, AMD FreeSync Technology, HDCP Supp $124.99

‚û°Ô∏è‚Ä¶ https://t.co/XeNqVyrZGf"
189,"RT @Harriet__Turner: ""Solar wind data assimilation in an operational context: use of near-real-time data and the forecast value of an L5 mo‚Ä¶"
190,"‚úÖstock: 2023/05/18 17:00(EST)

HP 24mh FHD Monitor - Computer Monitor with 23.8-Inch IPS Display (108 $149.99

‚û°Ô∏è‚Ä¶ https://t.co/cdhXDPSwjg"
191,"Monitor HP 27f de 27‚Äù, 1080p y 75 Hz baja de precio a $5,173 (antes $6,472) ‚§µÔ∏è

https://t.co/KmXhqTL6WT https://t.co/flxs4HG00n"
192,"üí• CHOLLO‚ÄºÔ∏è #amazon
Monitor Gaming HP X 24c de 24"" Full HD, 1920x1080, 144Hz, VA, 4ms, HDMI, curvatura 1500R, antirr‚Ä¶ https://t.co/VaGLsOJ876"
193,@melophorical A SECOND MONITOR. This is absolutely essential. I have an HP one that I love.
194,"GOSTOU?
CURTEüëç E D√Å UM RT üîñ!
DICAS PARA MONITOR GAMER üì∫ - SHOPEE - üßµ
Monitor para PC HP V19B 18,5‚Äù LED TN Widescree‚Ä¶ https://t.co/fwRKvwh0qp"
195,INNOCN 27C1U-D 4K Computer Monitor is the Perfect Partner for the HP Z2 Mini G9  https://t.co/Lgf61WUpYO
196,"‚ö°TRENDING‚ö°HP M24fwa - Monitor de 24"" Full HD (1920 x 1080, 75Hz, 5ms, IPS, 16:9, AMD Fr... https://t.co/p05FKxCOyI"
197,"@ankit4235 Hey Ankit, hope you are doing well. 
As per the case notes I see the monitor has been replaced. Could yo‚Ä¶ https://t.co/m4yQehKeJM"
198,"Complete set of 21.5in Monitor and HP 800G1 Quad Core i | #Save 37%! for only ¬£125.39
PERMANENTLY_REMOVED https://t.co/lHy18XweSU"
199,"@JantjeB79 Ich habe den hier und bin sehr zufrieden:

https://t.co/wAZ6ZrmwGy

Dein Arbeitgeber hat aber bestimmt e‚Ä¶ https://t.co/wOxquku063"
200,"‚úÖstock: 2023/05/18 08:40(EST)

HP 23.8 inches V24i G5 FHD Monitor, AMD FreeSync Technology, HDCP Supp $124.99

‚û°Ô∏è‚Ä¶ https://t.co/tO6I4gDTf1"
201,"RT @iamsenthil_sk: @Goutham_kar Samsung Monitor 28 Inch above 
Asus h510-M mother board
Intel i5 processor
8 GB RAM 
2TB ROM
DELL KB310 KEY‚Ä¶"
202,"@Goutham_kar Samsung Monitor 28 Inch above 
Asus h510-M mother board
Intel i5 processor
8 GB RAM 
2TB ROM
DELL KB31‚Ä¶ https://t.co/RKqO85Vucx"
203,"‚úÖstock: 2023/05/18 05:40(EST)

HP 24mh FHD Monitor - Computer Monitor with 23.8-Inch IPS Display (108 $149.99

‚û°Ô∏è‚Ä¶ https://t.co/1yV0vUUylR"
204,"Hp U27 Monitor Inal√° en oferta!
üí• Antes: 499‚Ç¨, ahora: 397.99‚Ç¨ (-20%) üò± Stock limitado, ¬°aprovecha!

‚û°Ô∏è‚Ä¶ https://t.co/DDIbIJLeXt"
205,HP 24mh FHD Monitor - Computer Monitor with 23.8-Inch IPS Display (1080p) - Built-In Speakers and VESA Mounting.‚Ä¶ https://t.co/1IXjK8htHM
206,"Si eres un apasionado de la inform√°tica y la electr√≥nica, te gusta estar a la √∫ltima en tecnolog√≠a y no perderte de‚Ä¶ https://t.co/4mi3Tj5BVY"
207,"13% Off! HP X24i Gaming Monitor, Computer Monitor with 144 Hz Re for only ¬£165
PERMANENTLY_REMOVED https://t.co/rsvGYPjhwe"
208,"[$499.99] HP U32 4K HDR Monitor [4K UHD (3840 x 2160), 1000:1, 4ms GtG (with overdrive)] https://t.co/xFvDVoyV5i https://t.co/hQ9IyFn4z2"
209,"‚úÖstock: 2023/05/18 02:20(EST)

HP 23.8 inches V24i G5 FHD Monitor, AMD FreeSync Technology, HDCP Supp $124.99

‚û°Ô∏è‚Ä¶ https://t.co/esqqLle4dB"
210,#GoodMorningEveryone #GoodMorningTwitterWorld #goodmoring #ThursdayThoughts #Monitor #hp #dell #samsung #dubai #uae‚Ä¶ https://t.co/M9oPV7Rtrl
211,"HelloüòÄ,
Hp 24m 23.8-Inch Monitor Ultraslim, Micro-Edge Display. FHD Display / 1080P Display with VGA &amp; HDMI.
Limite‚Ä¶ https://t.co/o3ZMDOk5oS"
212,The Best Monitor for the HP Z2 Mini G9 is the INNOCN 27C1U-D 4K Computer Monitor https://t.co/Qie8IBrU0U https://t.co/5D1G7VBkL0
213,"‚úÖstock: 2023/05/17 23:20(EST)

HP 24mh FHD Monitor - Computer Monitor with 23.8-Inch IPS Display (108 $149.99

‚û°Ô∏è‚Ä¶ https://t.co/EmWY7LluKc"
214,"I just received a contribution towards HP OMEN 27"" QHD Curved Monitor, VA Fully adj 240hz 1ms HDR400 Gaming Display‚Ä¶ https://t.co/m85p5OfoGL"
215,"‚úÖstock: 2023/05/17 20:00(EST)

HP 23.8 inches V24i G5 FHD Monitor, AMD FreeSync Technology, HDCP Supp $124.99

‚û°Ô∏è‚Ä¶ https://t.co/gUVlnVlsFK"
216,@convomfs monitor &amp; hp baru
217,RT @esquinabaja: Boluarte es presidenta del Per√∫ y no tiene vicepresidentes. Si tanto quiere trabajar de manera virtual le sugiero lo sgte:‚Ä¶
218,@yunartowijaya Kalo orangtua kasih duit ke anaknya utk beli hp 5 juta ... ya orangtua hrs SEGERA monitor apakah ana‚Ä¶ https://t.co/TBqTcIVeRT
219,"‚úÖstock: 2023/05/17 17:00(EST)

HP 24mh FHD Monitor - Computer Monitor with 23.8-Inch IPS Display (108 $149.99

‚û°Ô∏è‚Ä¶ https://t.co/6fjz3SnOlf"
220,"@tanyarlfes Bales aja ""gua mau beli hp ya njing, bukan monitor"""
221,"[$67.10]
[Amazon] HP Compaq LA2405wg 24-inch Widescreen LCD Monitor
Reason: Amazon Warehouse

Get the Inventory Bot‚Ä¶ https://t.co/tuHZuQpq0B"
222,"Plan ahead and grab this 2020 @Case_IH 9250 Combine with 1,426 Hours, Pivoting Auger Spout GPS, Auto Guidance, Grai‚Ä¶ https://t.co/HNGGJSibEQ"
223,@NZXT The Predator runs my HP Reverb G2 pretty well. It's covered up in front of the 2nd monitor.
224,"üí•HP M24fwa - Monitor de 24"" Full HD (1920 x 1080, 75Hz, 5ms, IPS, 16:9, AMD FreeSync, HDMI, VGA, Antirreflejo, Eye‚Ä¶ https://t.co/ICHbkWgVck"
225,The INNOCN 27C1U-D 4K Computer Monitor is the Best Monitor for the HP Z2 Tower G9  https://t.co/u1Wjqj10w6
226,"#ad [Certified Refurbished] HP M22f FHD (1920 x 1080) 5ms IPS Monitor 1x VGA, 1x HDMI 1.4 - 2D9J9AA 2 year warranty‚Ä¶ https://t.co/P34lxS5pSJ"
227,@crazygdhistory yeah and you aint there playin on an hp monitor with sides the size of 2 progress bars
228,"‚úÖstock: 2023/05/17 08:40(EST)

HP 23.8 inches V24i G5 FHD Monitor, AMD FreeSync Technology, HDCP Supp $124.99

‚û°Ô∏è‚Ä¶ https://t.co/fc6LewmywL"
229,"HP M27fwa 27"" FHD ULTRA SLIM LED MONITOR
‚Ä¢ Screen Size: 27""
‚Ä¢ Panel: IPS
‚Ä¢ Resolution: FHD (1920 x 1080)
‚Ä¢ Ports: 2‚Ä¶ https://t.co/uKQ16JH33T"
230,üì∫ Necesito comprar un nuevo monitor para el trabajo multitarea: ¬øEs realmente mejor para la vista usar un monitor c‚Ä¶ https://t.co/s68XoL7vWj
231,"‚úÖstock: 2023/05/17 05:40(EST)

HP 24mh FHD Monitor - Computer Monitor with 23.8-Inch IPS Display (108 $149.99

‚û°Ô∏è‚Ä¶ https://t.co/GeyqGqcKpy"
232,"[$159.99 was $229.99] HP M24fwa FHD Monitor [FHD (1920 x 1080), 1000:1, 5ms GtG (with overdrive)]‚Ä¶ https://t.co/mSQ5dSQ5aL"
233,"‚úÖstock: 2023/05/17 02:20(EST)

HP 23.8 inches V24i G5 FHD Monitor, AMD FreeSync Technology, HDCP Supp $124.99

‚û°Ô∏è‚Ä¶ https://t.co/M3UOX3tqnV"
234,"HP EliteDesk 8200 Business Desktop PC - Intel i7, 16GB Ram, 500GB SSD, Windows 10 Pro 64bit, New 24 Monitor, RGB Pr‚Ä¶ https://t.co/HFY7BWRhGD"
235,"üí•HP X24ih ‚Äì Monitor Gaming de 24"" Full HD (1920 x 1080 a 144Hz, IPS, 1ms, HDMI, Antirreflejo, Low Blue Light, Altur‚Ä¶ https://t.co/QIwwrmT5zX"
236,"@CruciFire @mehulved Rarely ever needed since I began using one ~15 yrs ago (among HP, Air, XPS), but had a decent‚Ä¶ https://t.co/IdU6sjU4dZ"
237,"@winlahyuk @0x100dollar @0xsyawalberkah @MauBig_Win @tigeratte @Bintang_reborn Sama mba, mripat ku perih kl lama2 l‚Ä¶ https://t.co/qWsYe9Msco"
238,"HP Elite Desktop PC Package, Intel Core 2 Duo Processor, 8GB RAM, 500GB Hard Drive, DVD, Wi-Fi, Windows 10, 19in LC‚Ä¶ https://t.co/PwBc7PYur8"
239,"PC Parts:

i5 Core 12th Gen
RTX 3060 Ti 12 GB
16 GB Ram DDR4
1 TB of Memory
4 RGB Fans
ASUS motherboard X670E

Setu‚Ä¶ https://t.co/AOYHlnpVw9"
240,"‚úÖstock: 2023/05/16 23:20(EST)

HP 24mh FHD Monitor - Computer Monitor with 23.8-Inch IPS Display (108 $149.99

‚û°Ô∏è‚Ä¶ https://t.co/gxbSPO7e2A"
241,"@blipblapiscool did you try and adjust the brightness level on the monitor (if there is any)

I don't use HP monito‚Ä¶ https://t.co/coxDEhJmJP"
242,@BuggSocks leaq7 x HP monitor real
243,"üíª ‡∏ã‡∏∑‡πâ‡∏≠‡∏™‡∏¥‡∏ô‡∏Ñ‡πâ‡∏≤ HP ‡πÄ‡∏õ‡∏¥‡∏î‡πÄ‡∏ó‡∏≠‡∏°‡πÉ‡∏´‡∏°‡πà‡∏ô‡∏µ‡πâ ‡∏û‡∏£‡πâ‡∏≠‡∏°‡πÄ‡∏£‡∏µ‡∏¢‡∏ô! ‡∏•‡∏î‡πÄ‡∏•‡∏¢‡∏™‡∏π‡∏á‡∏™‡∏∏‡∏î 5,000.-* ‡πÅ‡∏•‡∏∞‡πÅ‡∏à‡∏Å‡πÇ‡∏Ñ‡πâ‡∏î‡∏•‡∏î‡πÄ‡∏û‡∏¥‡πà‡∏°‡∏ñ‡∏∂‡∏á 3,000.-* ‡πÄ‡∏û‡∏µ‡∏¢‡∏á‡∏ã‡∏∑‡πâ‡∏≠‡πÇ‡∏ô‡πä‡∏ï‡∏ö‡∏∏‡πä‡∏Ñ, D‚Ä¶ https://t.co/yFFPhYHPHz"
244,"@SoarHimself PS5, 75Hz Monitor, Razer Huntsman Mini, Logitech G203, HP Laptop, GutzyAiden Mousepad Vermax Swirl, Ra‚Ä¶ https://t.co/HcBgDxJhXK"
245,"‚úÖstock: 2023/05/16 20:00(EST)

HP 23.8 inches V24i G5 FHD Monitor, AMD FreeSync Technology, HDCP Supp $124.99

‚û°Ô∏è‚Ä¶ https://t.co/HivlTywrpK"
246,"HP X34 Gaming Monitor, 165Hz, IPS, WQHD (3440 x 1440), 34 Inch, 1ms response time, AMD Freesync Premium, Height and‚Ä¶ https://t.co/qW1OIfBIDh"
247,"RT @Eirlys_97: #LISA "" Even in the hotel room, I change my shoulders and hand gestures while looking in the mirror. I find this very much f‚Ä¶"
248,HP M32f VA AMD FreeSync Monitor 32‚Ä≥ (2H5M7E9)¬†(HP2H5M7E9) https://t.co/ih5TkAPvqp
249,"‚úÖstock: 2023/05/16 17:00(EST)

HP 24mh FHD Monitor - Computer Monitor with 23.8-Inch IPS Display (108 $149.99

‚û°Ô∏è‚Ä¶ https://t.co/aWhUfq9yCf"
250,@Liljameow Why I need it: I want to make YouTube videos but all i have is a phone that isn't an iphone and a hp off‚Ä¶ https://t.co/DTFVD2LTi9
251,"‚û°Ô∏è https://t.co/UPsvHoO8Il

HP 24mq ‚Äì Monitor Ultrafino de 24‚Äù Quad HD (2560 x 1440, 60Hz, 5ms, IPS LED, 16:9, HDMI‚Ä¶ https://t.co/B1Wh85hSF6"
252,"Comprar ‚û°Ô∏è https://t.co/vEB7yJObms

Hub USB C, 6 en 1 USB C Adaptador HDMI VGA Dual Monitor Adaptador USB C con 4k‚Ä¶ https://t.co/NrOdf7g92v"
253,"Is getting an iPad worth it nowadays? I don‚Äôt see the point when I have an iPhone, HP laptop and monitor for my PS‚Ä¶ https://t.co/8523p5pLPO"
254,"‚ÜóÔ∏èVer en Amazon https://t.co/nmXPSAFVaU

HP 24mq ‚Äì Monitor Ultrafino de 24‚Äù Quad HD (2560 x 1440, 60Hz, 5ms, IPS LE‚Ä¶ https://t.co/z3EwgkcQSw"
255,"‚ÜóÔ∏èVer en Amazon https://t.co/nowhXjARH3

Hub USB C, 6 en 1 USB C Adaptador HDMI VGA Dual Monitor Adaptador USB C co‚Ä¶ https://t.co/t1INStRpDS"
256,"‚ö°TRENDING‚ö°HP M27fwa - Monitor de 27"" Full HD (1920 x 1080, 75Hz, 5ms, IPS, 16:9, AMD Fr... https://t.co/VXoHhUoDZq"
257,HP 24mh FHD Monitor - Computer Monitor with 23.8-Inch IPS Display (1080p) - Built-In Speakers and VESA Mounting - H‚Ä¶ https://t.co/jha3CaTBc1
258,"üñ•HP X24ih por 139 euros en Amazon

üí∞70 euros menos

üëâ¬†Monitor gaming HP X24ih, con dise√±o con bisel micro-edge en 3‚Ä¶ https://t.co/VLiYNbb5as"
259,"‚úÖstock: 2023/05/16 09:00(EST)

HP 23.8 inches V24i G5 FHD Monitor, AMD FreeSync Technology, HDCP Supp $124.99

‚û°Ô∏è‚Ä¶ https://t.co/ntJanxscWO"
260,"üñ•HP X24ih por 139 euros en Amazon

üí∞70 euros menos

üëâ¬†Monitor gaming HP X24ih, con dise√±o con bisel micro-edge en 3‚Ä¶ https://t.co/JO6LH09vNT"
261,"üí•OFERTA!!üí• 21% de descuento en HP M24 Webcam - Monitor (pantalla de 24 pulgadas, IPS Full HD, 75Hz, AMD FreeSync, H‚Ä¶ https://t.co/VryaLmOsMI"
262,"Save with Certified Refurbished HP ProDesk 600 G1 - Intel i5, 4th Gen Desktop PC with 19"" Monitor 
at R 4,999.00 wi‚Ä¶ https://t.co/161xhgve28"
263,"3. ""Tingkatkan performa codingmu dengan HP Monitor kami, memberikan tampilan yang jernih dan detail yang tajam, mem‚Ä¶ https://t.co/scywGvPzj6"
264,"Thunderbolt 4 Docking Station, Universal USB C Docking Station Dual Monitor 4K or Single 8K HDMI Video Output 130W‚Ä¶ https://t.co/3Rr5orFrDK"
265,"‚úÖstock: 2023/05/16 05:40(EST)

HP 24mh FHD Monitor - Computer Monitor with 23.8-Inch IPS Display (108 $149.99

‚û°Ô∏è‚Ä¶ https://t.co/1HbwigCl9A"
266,"Phone - 12k
Earphone - got Amazon voucher from techgig
Watch - 2.5k
Laptop: HP 30k bought 5 years back. Keyboard an‚Ä¶ https://t.co/cPmvOUBO0P"
267,"üí•OFERTA!!üí• 27% de descuento en HP M22f ‚Äì Monitor de 22"" Full HD (1920 x 1080, 75Hz, 5ms, IPS LED, 16:9, AMD FreeSyn‚Ä¶ https://t.co/GSMKm7pn1E"
268,"@emmasTega22 It's HP V241 ib. 
60.45cm, 23.8 in Diagonal Monitor 1080p full HD."
269,"üîó: COMPRAR AQU√ç
üîπ HP X24ih ‚Äì Monitor Gaming de 24"" Full HD (1920 x 1080 a 144Hz, IPS, 1ms, HDMI, Antirreflejo, Low‚Ä¶ https://t.co/q4FSHpqHwX"
270,"üñ•HP X24ih por 139 euros en Amazon

üí∞ 70 euros menos

üëâ¬†Monitor gaming HP X24ih, con dise√±o con bisel micro-edge en‚Ä¶ https://t.co/i4g5Oy5qS6"
271,"üí•HP X24ih ‚Äì Monitor Gaming de 24"" Full HD (1920 x 1080 a 144Hz, IPS, 1ms, HDMI, Antirreflejo, Low Blue Light, Altur‚Ä¶ https://t.co/6jbXfincF6"
272,"[$259.99] HP M24 Webcam Monitor [FHD (1920 x 1080), 1000:1, 5ms GtG (with overdrive)] https://t.co/cosXs2nLJe https://t.co/9CGuAefxnT"
273,"‚úÖstock: 2023/05/16 02:20(EST)

HP 23.8 inches V24i G5 FHD Monitor, AMD FreeSync Technology, HDCP Supp $124.99

‚û°Ô∏è‚Ä¶ https://t.co/6uF3G32wHS"
274,"@flabbergst @awaitaruih @idextratime wkwk bener, mungkin kalo rakit pc itu masih ada tetek bengeknya yg lain kali y‚Ä¶ https://t.co/7qGU2A1G0L"
275,"RT @usedpointTz: Hp EliteDisplay E231
LED Backlight Monitor 
Screen Size: 23 Inches (58.4cm)
Swivel 360¬∞
Tilt -5¬∞ to 30¬∞
Display Resolution‚Ä¶"
276,"Monitor HP 24"" - 144HZ IPS FULLHD - 350nits - HDMI / DisplayPort - altura ajustable ‚ñ∫139‚Ç¨ ‚Äç‚û°Ô∏è‚Ä¶ https://t.co/KjhbZGkAik"
277,"HP X24ih 2W925AA- Monitor Gaming de 23.8"" FHD (1920 x 1080 a 144 Hz, H... bajonazo desde 188 ‚Ç¨ a su nuevo m√≠nimo hi‚Ä¶ https://t.co/pxiXW03zBH"
278,"‚úÖstock: 2023/05/15 23:20(EST)

HP 24mh FHD Monitor - Computer Monitor with 23.8-Inch IPS Display (108 $149.99

‚û°Ô∏è‚Ä¶ https://t.co/RrdvAx7HVt"
279,"HP M34d Monitor - 34 Zoll,QHD Ultra Wide 1440p, curved Bildschirm, WQHD VA Display, 100Hz, 5ms Reaktionszeit, HDMI,‚Ä¶ https://t.co/lWIx33RNRx"
280,"‚úÖstock: 2023/05/15 20:00(EST)

HP 23.8 inches V24i G5 FHD Monitor, AMD FreeSync Technology, HDCP Supp $124.99

‚û°Ô∏è‚Ä¶ https://t.co/976LIPWrds"
281,"‚úÖstock: 2023/05/15 17:00(EST)

HP 24mh FHD Monitor - Computer Monitor with 23.8-Inch IPS Display (108 $149.99

‚û°Ô∏è‚Ä¶ https://t.co/wDAZkoWJ01"
282,"RT @UPrezzo: ABBIAMO TROVATO UNA NUOVA OFFERTA ‚úåÔ∏è

Il prodotto ""HP - PC V24e Monitor"" √® in #sconto del 33,3 %
üëâ Costava ‚Ç¨179.99
üëâ Ora costa‚Ä¶"
283,"ABBIAMO TROVATO UNA NUOVA OFFERTA ‚úåÔ∏è

Il prodotto ""HP - PC V24e Monitor"" √® in #sconto del 33,3 %
üëâ Costava ‚Ç¨179.99‚Ä¶ https://t.co/tomxntCszO"
284,HP: I recently purchased an M27Fd monitor from HP and needed tech support to connect to my HP Thunder Dock 120W G2
285,"‚Äº FLASH SALE ‚Äº

Grey Jack Cairan pembersih spray Lensa kacamata Sunglasses frame layar monitor hp atau kamera Free‚Ä¶ https://t.co/Iqb6TKALs5"
286,"RT @giloshop: HP 290 G4 Intel Core i3 10th Gen Complete Desktop, 4GB RAM, 1TB HDD, Windows 10, Mouse, Keyboard, Black Desktop, Mouse + Keyb‚Ä¶"
287,"‚û°Ô∏è https://t.co/rNqkO528it

HP V27e ‚Äì Monitor de 27‚Äù Full HD (1920 x 1080, 60Hz, 5ms, IPS LED; 16:9, HDMI, VGA, Ant‚Ä¶ https://t.co/L6owqsRREk"
288,"‚û°Ô∏è https://t.co/7aTLqylDFe

HP V24e ‚Äì Monitor de 24‚Äù Full HD (1920 x 1080, 60Hz, 5ms, IPS LED; 16:9, HDMI, VGA, Ant‚Ä¶ https://t.co/wujKhaTXJf"
289,"‚ÜóÔ∏èVer en Amazon https://t.co/b1BAkqqN1e

HP V27e ‚Äì Monitor de 27‚Äù Full HD (1920 x 1080, 60Hz, 5ms, IPS LED; 16:9, H‚Ä¶ https://t.co/Ji9975ORM6"
290,OFFER: HP screen/ monitor (Caerphilly CF83) https://t.co/gMMH0q2pTK https://t.co/Mg6SVVOpAA
291,ninguem tem um Monitor Hp Compaq La1905 19lcd sobrando ai n√© kk
292,"‚ÜóÔ∏èVer en Amazon https://t.co/xz5P2Owx8V

HP V24e ‚Äì Monitor de 24‚Äù Full HD (1920 x 1080, 60Hz, 5ms, IPS LED; 16:9, H‚Ä¶ https://t.co/iHRcv5InyX"
293,@brandon_mn nothing fancy at all! just a 27 inch HP monitor from maybe 5-ish years ago?
294,"[$84.43]
[Amazon] HP E24d G4 23.8"" Full HD LED LCD Monitor - 16:9 - Black, Silver
Reason: Amazon Warehouse

Get the‚Ä¶ https://t.co/D6ugScBBjW"
295,Enjoy Visual Excellence with HP's 27-Inch Ultraslim Full-HD IPS Monitor with Vibrant Display and Crystal-Clear Clar‚Ä¶ https://t.co/IxVAjkm4Wr
296,"For some reason, I kind of want to reuse our old HP computer monitor for when I have a Windows XP retro gaming desktop"
297,"@retroconn ahh okay, just thinking because I used to have a similar monitor. Hell the one i'm using now is till old‚Ä¶ https://t.co/QNjWK9QZv5"
298,"‚úÖstock: 2023/05/15 07:00(EST)

HP 23.8 inches V24i G5 FHD Monitor, AMD FreeSync Technology, HDCP Supp $124.99

‚û°Ô∏è‚Ä¶ https://t.co/wVNhRVYO9Z"
299,"‚úÖstock: 2023/05/15 05:40(EST)

HP 24mh FHD Monitor - Computer Monitor with 23.8-Inch IPS Display (108 $149.99

‚û°Ô∏è‚Ä¶ https://t.co/wzLVGG26JS"
300,"RT @w_a_ris: Treadmill for Sale in Ibadan

Brand: Technofitness
Features:
- 2.5 HP
- Display
- Massager
- Bottle Holder
- Incline adjustmen‚Ä¶"
301,"Treadmill for Sale in Ibadan

Brand: Technofitness
Features:
- 2.5 HP
- Display
- Massager
- Bottle Holder
- Inclin‚Ä¶ https://t.co/j2msYj6iiN"
302,"RT @uncleMJ_: 25 inch IPS Led Monitor on sale. 
Brand: HP
Price: 330,000/= 

Kindly RT, thanks in advance! üôèüèΩ https://t.co/OVX9qwxbuH"
303,LED 21.5 Inch AIO 22-DF0003W HP 22-DF1004D HP 22-C0033D Monitor PC ALL IN ONE 1920(RGB)x1080 FULL HD NEW BERGARANSI‚Ä¶ https://t.co/YyEytyiZyR
304,"[$129.99] HP V22v G5 FHD Monitor [FHD (1920 x 1080), 3000:1, 5ms GtG (with overdrive)] https://t.co/QJJ0GzdOMT https://t.co/4MJHxEa4UE"
305,"25 inch IPS Led Monitor on sale. 
Brand: HP
Price: 330,000/= 

Kindly RT, thanks in advance! üôèüèΩ https://t.co/OVX9qwxbuH"
306,"RT @giloshop: HP 290 G4 Intel Core i3 10th Gen Complete Desktop, 4GB RAM, 1TB HDD, Windows 10, Mouse, Keyboard, Black Desktop, Mouse + Keyb‚Ä¶"
307,"‚úÖstock: 2023/05/15 00:40(EST)

HP 23.8 inches V24i G5 FHD Monitor, AMD FreeSync Technology, HDCP Supp $124.99

‚û°Ô∏è‚Ä¶ https://t.co/86rZeXuw2b"
308,"‚úÖstock: 2023/05/14 23:20(EST)

HP 24mh FHD Monitor - Computer Monitor with 23.8-Inch IPS Display (108 $149.99

‚û°Ô∏è‚Ä¶ https://t.co/HDzTbg6qAf"
309,"@XboxGamePassPC hp omen laptop with:

- gtx 1060 mobile (6gb)
- i7 8th gen (idk numbers)
- 16gb ram
- running on a‚Ä¶ https://t.co/nZPW2du2FP"
310,"‚úÖstock: 2023/05/14 22:00(EST)

HP V27i G5 FHD Monitor, AMD FreeSync Technology, HDCP Support for HDMI $149.99

‚û°Ô∏è‚Ä¶ https://t.co/7cs8ehI0XZ"
311,"""Le aki dipanggil sayang g nya tiga tuh reaksi aslinya banting hp apa banting monitor apa dirinya sendiri dibanting‚Ä¶ https://t.co/EHNvZ8lpYa"
312,"Is that filthy HP monitor trapezoidal??

I don‚Äôt think I‚Äôve ever seen anything like that before! https://t.co/dzncPrBfsv"
313,"I'm thinking of a USB C Docking Station Dual Monitor Adapter, 14 in 1 USB C Triple Display Docking Station to Dual‚Ä¶ https://t.co/2ZO626Wytq"
314,"@CastleAudios Austrian Audio OC16/Mic Parts S-87 (I alternate), SSL2 interface, Adobe Audition, RX9 Elements, Dell‚Ä¶ https://t.co/QAgpjoS6rs"
