0,"https://t.co/hl15sZhnsT HP Smart Tank Plus 551 Wireless Setup, Install Ink, Scanning, Copy and Printing Review… https://t.co/T4tOncgNt4"
1,From the archive: Review of HP LaserJet M209dw Printer https://t.co/JoA2S5Nz4M
2,"Sometimes you need a printer. Even for just occasional use it should be fast, good quality and able to do other tas… https://t.co/a1EwpKXJ2P"
3,From the archive: Review of HP LaserJet M209dw Printer https://t.co/JoA2S5O6Uk
4,"HP Envy Inspire 7955e printer review: everything you need
#technology #technologynews #technews
https://t.co/LzpRFl6fhP"
5,#Reviews #Computing #HP HP Envy Inspire 7955e printer review: everything you need https://t.co/CfR00UF1pq https://t.co/mfrsCxVQG0
6,HP Envy Inspire 7955e printer review: everything you need https://t.co/vaM5ZPCo5m https://t.co/ROkMM04uit
7,#catnews #crypto #tech HP Envy Inspire 7955e printer review: everything you need - https://t.co/C1OcsjH7Iy
8,HP Envy Inspire 7955e printer review: everything you need https://t.co/IK9yEs3luH https://t.co/MwbOIfYXBf
9,HP Envy Inspire 7955e printer review: everything you need https://t.co/pRb7H7Bl0e #Trends
10,"How To Find WiFi PASSWORD of HP Deskjet Printer, review ? https://t.co/dpUgMsg0NC via @YouTube"
11,Review of the HP MFP M236D printer https://t.co/RFln9cJqNq
