0,"RT @Tyler_mbaya: Hp Elitebook 820 
Intel core  i7 
Storage 8gb ram/500gb hdd
Size 12.5 inches 
Comes with laptop bag 
Price 27500
Contact 0‚Ä¶"
1,"RT @Tyler_mbaya: Hp Elitebook 820 
Intel core  i7 
Storage 8gb ram/500gb hdd
Size 12.5 inches 
Comes with laptop bag 
Price 27500
Contact 0‚Ä¶"
2,"RT @Tyler_mbaya: Hp Elitebook 820 
Intel core  i7 
Storage 8gb ram/500gb hdd
Size 12.5 inches 
Comes with laptop bag 
Price 27500
Contact 0‚Ä¶"
3,"RT @Tyler_mbaya: Hp Elitebook 820 
Intel core  i7 
Storage 8gb ram/500gb hdd
Size 12.5 inches 
Comes with laptop bag 
Price 27500
Contact 0‚Ä¶"
4,"RT @Tyler_mbaya: Hp Elitebook 820 
Intel core  i7 
Storage 8gb ram/500gb hdd
Size 12.5 inches 
Comes with laptop bag 
Price 27500
Contact 0‚Ä¶"
5,"RT @Tyler_mbaya: Hp Elitebook 820 
Intel core  i7 
Storage 8gb ram/500gb hdd
Size 12.5 inches 
Comes with laptop bag 
Price 27500
Contact 0‚Ä¶"
6,"RT @Tyler_mbaya: Hp Elitebook 820 
Intel core  i7 
Storage 8gb ram/500gb hdd
Size 12.5 inches 
Comes with laptop bag 
Price 27500
Contact 0‚Ä¶"
7,Ini otak suruh produktif biar kaga ovt mulu malah laptop sama hp kaga support. Emang suruh istirahat aja kali yak l‚Ä¶ https://t.co/oYJYPNWAk1
8,"RT @Tyler_mbaya: Hp Elitebook 820 
Intel core  i7 
Storage 8gb ram/500gb hdd
Size 12.5 inches 
Comes with laptop bag 
Price 27500
Contact 0‚Ä¶"
9,"RT @Tyler_mbaya: Hp Elitebook 820 
Intel core  i7 
Storage 8gb ram/500gb hdd
Size 12.5 inches 
Comes with laptop bag 
Price 27500
Contact 0‚Ä¶"
10,"RT @salma_zeinab: üí•LAPTOP TABLETüí•
21,999 KSH 
(PRICE SLASHED)
 0711686637

HP REVOLVE 810 Touchscreen 
Corei5
8 GB RAM 
256 GB SSD
Converti‚Ä¶"
11,"RT @salma_zeinab: üí•LAPTOP TABLETüí•
21,999 KSH 
(PRICE SLASHED)
 0711686637

HP REVOLVE 810 Touchscreen 
Corei5
8 GB RAM 
256 GB SSD
Converti‚Ä¶"
12,https://t.co/ov5WR3AtDK
13,"RT @Tyler_mbaya: Hp Elitebook 820 
Intel core  i7 
Storage 8gb ram/500gb hdd
Size 12.5 inches 
Comes with laptop bag 
Price 27500
Contact 0‚Ä¶"
14,"RT @salma_zeinab: üí•LAPTOP TABLETüí•
21,999 KSH 
(PRICE SLASHED)
 0711686637

HP REVOLVE 810 Touchscreen 
Corei5
8 GB RAM 
256 GB SSD
Converti‚Ä¶"
15,ya kesalahan ngechat dospem bengi2 dinteni yo g ngara bales. tapi jare wonge gaopo soale wonge free ne bengi tapi p‚Ä¶ https://t.co/khEZiLAtsz
16,"RT @salma_zeinab: üí•LAPTOP TABLETüí•
21,999 KSH 
(PRICE SLASHED)
 0711686637

HP REVOLVE 810 Touchscreen 
Corei5
8 GB RAM 
256 GB SSD
Converti‚Ä¶"
17,"RT @salma_zeinab: üí•LAPTOP TABLETüí•
21,999 KSH 
(PRICE SLASHED)
 0711686637

HP REVOLVE 810 Touchscreen 
Corei5
8 GB RAM 
256 GB SSD
Converti‚Ä¶"
18,@Itz_Diabolical @kidwithnodiaper Keep in touch with this community cause i don‚Äôt necessarily need a set up. I see a‚Ä¶ https://t.co/JrwUO2UJOl
19,"RT @salma_zeinab: üí•LAPTOP TABLETüí•
21,999 KSH 
(PRICE SLASHED)
 0711686637

HP REVOLVE 810 Touchscreen 
Corei5
8 GB RAM 
256 GB SSD
Converti‚Ä¶"
20,"RT @salma_zeinab: üí•LAPTOP TABLETüí•
21,999 KSH 
(PRICE SLASHED)
 0711686637

HP REVOLVE 810 Touchscreen 
Corei5
8 GB RAM 
256 GB SSD
Converti‚Ä¶"
21,"RT @salma_zeinab: üí•LAPTOP TABLETüí•
21,999 KSH 
(PRICE SLASHED)
 0711686637

HP REVOLVE 810 Touchscreen 
Corei5
8 GB RAM 
256 GB SSD
Converti‚Ä¶"
22,"RT @salma_zeinab: üí•LAPTOP TABLETüí•
21,999 KSH 
(PRICE SLASHED)
 0711686637

HP REVOLVE 810 Touchscreen 
Corei5
8 GB RAM 
256 GB SSD
Converti‚Ä¶"
23,"RT @salma_zeinab: üí•LAPTOP TABLETüí•
21,999 KSH 
(PRICE SLASHED)
 0711686637

HP REVOLVE 810 Touchscreen 
Corei5
8 GB RAM 
256 GB SSD
Converti‚Ä¶"
24,"RT @salma_zeinab: üí•LAPTOP TABLETüí•
21,999 KSH 
(PRICE SLASHED)
 0711686637

HP REVOLVE 810 Touchscreen 
Corei5
8 GB RAM 
256 GB SSD
Converti‚Ä¶"
25,"RT @salma_zeinab: üí•LAPTOP TABLETüí•
21,999 KSH 
(PRICE SLASHED)
 0711686637

HP REVOLVE 810 Touchscreen 
Corei5
8 GB RAM 
256 GB SSD
Converti‚Ä¶"
26,"RT @salma_zeinab: üí•LAPTOP TABLETüí•
21,999 KSH 
(PRICE SLASHED)
 0711686637

HP REVOLVE 810 Touchscreen 
Corei5
8 GB RAM 
256 GB SSD
Converti‚Ä¶"
27,"RT @salma_zeinab: üí•LAPTOP TABLETüí•
21,999 KSH 
(PRICE SLASHED)
 0711686637

HP REVOLVE 810 Touchscreen 
Corei5
8 GB RAM 
256 GB SSD
Converti‚Ä¶"
28,"RT @salma_zeinab: üí•LAPTOP TABLETüí•
21,999 KSH 
(PRICE SLASHED)
 0711686637

HP REVOLVE 810 Touchscreen 
Corei5
8 GB RAM 
256 GB SSD
Converti‚Ä¶"
29,"RT @salma_zeinab: üí•LAPTOP TABLETüí•
21,999 KSH 
(PRICE SLASHED)
 0711686637

HP REVOLVE 810 Touchscreen 
Corei5
8 GB RAM 
256 GB SSD
Converti‚Ä¶"
30,"RT @salma_zeinab: üí•LAPTOP TABLETüí•
21,999 KSH 
(PRICE SLASHED)
 0711686637

HP REVOLVE 810 Touchscreen 
Corei5
8 GB RAM 
256 GB SSD
Converti‚Ä¶"
31,"RT @salma_zeinab: üí•LAPTOP TABLETüí•
21,999 KSH 
(PRICE SLASHED)
 0711686637

HP REVOLVE 810 Touchscreen 
Corei5
8 GB RAM 
256 GB SSD
Converti‚Ä¶"
32,"- nah klo jaman gue ituu, gue tuh punyanya gameboy (warna putih), beli krn temen"" tk gue punyaüò≠ dlu suka main apa y‚Ä¶ https://t.co/DW3EB4JpB4"
33,"RT @salma_zeinab: üí•LAPTOP TABLETüí•
21,999 KSH 
(PRICE SLASHED)
 0711686637

HP REVOLVE 810 Touchscreen 
Corei5
8 GB RAM 
256 GB SSD
Converti‚Ä¶"
34,"RT @salma_zeinab: üí•LAPTOP TABLETüí•
21,999 KSH 
(PRICE SLASHED)
 0711686637

HP REVOLVE 810 Touchscreen 
Corei5
8 GB RAM 
256 GB SSD
Converti‚Ä¶"
35,"RT @salma_zeinab: üí•LAPTOP TABLETüí•
21,999 KSH 
(PRICE SLASHED)
 0711686637

HP REVOLVE 810 Touchscreen 
Corei5
8 GB RAM 
256 GB SSD
Converti‚Ä¶"
36,"RT @salma_zeinab: üí•LAPTOP TABLETüí•
21,999 KSH 
(PRICE SLASHED)
 0711686637

HP REVOLVE 810 Touchscreen 
Corei5
8 GB RAM 
256 GB SSD
Converti‚Ä¶"
37,"RT @salma_zeinab: üí•LAPTOP TABLETüí•
21,999 KSH 
(PRICE SLASHED)
 0711686637

HP REVOLVE 810 Touchscreen 
Corei5
8 GB RAM 
256 GB SSD
Converti‚Ä¶"
38,"RT @salma_zeinab: üí•LAPTOP TABLETüí•
21,999 KSH 
(PRICE SLASHED)
 0711686637

HP REVOLVE 810 Touchscreen 
Corei5
8 GB RAM 
256 GB SSD
Converti‚Ä¶"
39,"RT @salma_zeinab: üí•LAPTOP TABLETüí•
21,999 KSH 
(PRICE SLASHED)
 0711686637

HP REVOLVE 810 Touchscreen 
Corei5
8 GB RAM 
256 GB SSD
Converti‚Ä¶"
40,"RT @salma_zeinab: üí•LAPTOP TABLETüí•
21,999 KSH 
(PRICE SLASHED)
 0711686637

HP REVOLVE 810 Touchscreen 
Corei5
8 GB RAM 
256 GB SSD
Converti‚Ä¶"
41,"RT @salma_zeinab: üí•LAPTOP TABLETüí•
21,999 KSH 
(PRICE SLASHED)
 0711686637

HP REVOLVE 810 Touchscreen 
Corei5
8 GB RAM 
256 GB SSD
Converti‚Ä¶"
42,"RT @salma_zeinab: üí•LAPTOP TABLETüí•
21,999 KSH 
(PRICE SLASHED)
 0711686637

HP REVOLVE 810 Touchscreen 
Corei5
8 GB RAM 
256 GB SSD
Converti‚Ä¶"
43,"RT @salma_zeinab: üí•LAPTOP TABLETüí•
21,999 KSH 
(PRICE SLASHED)
 0711686637

HP REVOLVE 810 Touchscreen 
Corei5
8 GB RAM 
256 GB SSD
Converti‚Ä¶"
44,"RT @salma_zeinab: üí•LAPTOP TABLETüí•
21,999 KSH 
(PRICE SLASHED)
 0711686637

HP REVOLVE 810 Touchscreen 
Corei5
8 GB RAM 
256 GB SSD
Converti‚Ä¶"
45,"RT @salma_zeinab: üí•LAPTOP TABLETüí•
21,999 KSH 
(PRICE SLASHED)
 0711686637

HP REVOLVE 810 Touchscreen 
Corei5
8 GB RAM 
256 GB SSD
Converti‚Ä¶"
46,"RT @salma_zeinab: üí•LAPTOP TABLETüí•
21,999 KSH 
(PRICE SLASHED)
 0711686637

HP REVOLVE 810 Touchscreen 
Corei5
8 GB RAM 
256 GB SSD
Converti‚Ä¶"
47,"RT @salma_zeinab: üí•LAPTOP TABLETüí•
21,999 KSH 
(PRICE SLASHED)
 0711686637

HP REVOLVE 810 Touchscreen 
Corei5
8 GB RAM 
256 GB SSD
Converti‚Ä¶"
48,"RT @salma_zeinab: üí•LAPTOP TABLETüí•
21,999 KSH 
(PRICE SLASHED)
 0711686637

HP REVOLVE 810 Touchscreen 
Corei5
8 GB RAM 
256 GB SSD
Converti‚Ä¶"
49,"RT @salma_zeinab: üí•LAPTOP TABLETüí•
21,999 KSH 
(PRICE SLASHED)
 0711686637

HP REVOLVE 810 Touchscreen 
Corei5
8 GB RAM 
256 GB SSD
Converti‚Ä¶"
50,"RT @salma_zeinab: üí•LAPTOP TABLETüí•
21,999 KSH 
(PRICE SLASHED)
 0711686637

HP REVOLVE 810 Touchscreen 
Corei5
8 GB RAM 
256 GB SSD
Converti‚Ä¶"
51,"RT @salma_zeinab: üí•LAPTOP TABLETüí•
21,999 KSH 
(PRICE SLASHED)
 0711686637

HP REVOLVE 810 Touchscreen 
Corei5
8 GB RAM 
256 GB SSD
Converti‚Ä¶"
52,"RT @salma_zeinab: üí•LAPTOP TABLETüí•
21,999 KSH 
(PRICE SLASHED)
 0711686637

HP REVOLVE 810 Touchscreen 
Corei5
8 GB RAM 
256 GB SSD
Converti‚Ä¶"
53,"RT @TechDropsDeals: eBay Certified Refurbished [$304.98, $395.00/56% off]: HP 17-cp0056nr 17.3‚Äù HD+ Laptop AMD Ryzen 3250U 8GB 256GB SSD Wi‚Ä¶"
54,"eBay Certified Refurbished [$304.98, $395.00/56% off]: HP 17-cp0056nr 17.3‚Äù HD+ Laptop AMD Ryzen 3250U 8GB 256GB SS‚Ä¶ https://t.co/R3mmNcBC66"
55,"RT @salma_zeinab: üí•LAPTOP TABLETüí•
21,999 KSH 
(PRICE SLASHED)
 0711686637

HP REVOLVE 810 Touchscreen 
Corei5
8 GB RAM 
256 GB SSD
Converti‚Ä¶"
56,@PO_LIILY Wkwkwkwkw kan ada laptop sama hp
57,"RT @salma_zeinab: üí•LAPTOP TABLETüí•
21,999 KSH 
(PRICE SLASHED)
 0711686637

HP REVOLVE 810 Touchscreen 
Corei5
8 GB RAM 
256 GB SSD
Converti‚Ä¶"
58,"Jadi kepikiran mo ganti hp baru, tp laptop juga perlu diganti juga. Hadeu"
59,"RT @salma_zeinab: üí•LAPTOP TABLETüí•
21,999 KSH 
(PRICE SLASHED)
 0711686637

HP REVOLVE 810 Touchscreen 
Corei5
8 GB RAM 
256 GB SSD
Converti‚Ä¶"
60,"@secretciaaa 2 hp 1 laptop (beda akun semua) stream yt, 1 hp buat hype twitter. Total jumlah stream gatau pokoknya‚Ä¶ https://t.co/Sx6L7CRTQT"
61,"RT @salma_zeinab: üí•LAPTOP TABLETüí•
21,999 KSH 
(PRICE SLASHED)
 0711686637

HP REVOLVE 810 Touchscreen 
Corei5
8 GB RAM 
256 GB SSD
Converti‚Ä¶"
62,"RT @salma_zeinab: üí•LAPTOP TABLETüí•
21,999 KSH 
(PRICE SLASHED)
 0711686637

HP REVOLVE 810 Touchscreen 
Corei5
8 GB RAM 
256 GB SSD
Converti‚Ä¶"
63,"RT @salma_zeinab: üí•LAPTOP TABLETüí•
21,999 KSH 
(PRICE SLASHED)
 0711686637

HP REVOLVE 810 Touchscreen 
Corei5
8 GB RAM 
256 GB SSD
Converti‚Ä¶"
64,"@xkode06 Zonk tiba"" hp laptop ngelag semua üò´
Ada lagi jam brp min?"
65,@sh0bhii Hp gaming laptop
66,"RT @salma_zeinab: üí•LAPTOP TABLETüí•
21,999 KSH 
(PRICE SLASHED)
 0711686637

HP REVOLVE 810 Touchscreen 
Corei5
8 GB RAM 
256 GB SSD
Converti‚Ä¶"
67,"RT @salma_zeinab: üí•LAPTOP TABLETüí•
21,999 KSH 
(PRICE SLASHED)
 0711686637

HP REVOLVE 810 Touchscreen 
Corei5
8 GB RAM 
256 GB SSD
Converti‚Ä¶"
68,"RT @Bagatelka1: Mam pro≈õbƒô, czy kto≈õ mo≈ºe poleciƒá dobry laptop?Moje kolejne podej≈õcie, bo w czasie pandemii rozwali≈Çam jeden, teraz szlag t‚Ä¶"
69,"RT @salma_zeinab: üí•LAPTOP TABLETüí•
21,999 KSH 
(PRICE SLASHED)
 0711686637

HP REVOLVE 810 Touchscreen 
Corei5
8 GB RAM 
256 GB SSD
Converti‚Ä¶"
70,"RT @salma_zeinab: üí•LAPTOP TABLETüí•
21,999 KSH 
(PRICE SLASHED)
 0711686637

HP REVOLVE 810 Touchscreen 
Corei5
8 GB RAM 
256 GB SSD
Converti‚Ä¶"
71,"@pejabrut @PNS_Ababil HP jadul, laptop jadul, makan uptodate https://t.co/mZiyTNtXfm"
72,"RT @salma_zeinab: üí•LAPTOP TABLETüí•
21,999 KSH 
(PRICE SLASHED)
 0711686637

HP REVOLVE 810 Touchscreen 
Corei5
8 GB RAM 
256 GB SSD
Converti‚Ä¶"
73,"Interessierte sollten sich beeilen, da das Angebot zeitlich begrenzt sein kann.: Entfesseln Sie Ihr Gaming-Potenzia‚Ä¶ https://t.co/hC96KdRsIZ"
74,"RT @martinezcarin: Hola! üëãüèº
Vendo una notebook HP Laptop Model 15-da0073wm por 2.300.000 gs.
- 4 GB de RAM DDR4 (Expandible)
- 1 TB de disc‚Ä¶"
75,"We give you the best and affordable UK Used laptop....

HP EliteBook 840 G6
14-inch
Intel(R) Core i5-8th Gen 
@1.60‚Ä¶ https://t.co/Q3ydzJVBaQ"
76,"RT @salma_zeinab: üí•LAPTOP TABLETüí•
21,999 KSH 
(PRICE SLASHED)
 0711686637

HP REVOLVE 810 Touchscreen 
Corei5
8 GB RAM 
256 GB SSD
Converti‚Ä¶"
77,"RT @salma_zeinab: üí•LAPTOP TABLETüí•
21,999 KSH 
(PRICE SLASHED)
 0711686637

HP REVOLVE 810 Touchscreen 
Corei5
8 GB RAM 
256 GB SSD
Converti‚Ä¶"
78,"RT @salma_zeinab: üí•LAPTOP TABLETüí•
21,999 KSH 
(PRICE SLASHED)
 0711686637

HP REVOLVE 810 Touchscreen 
Corei5
8 GB RAM 
256 GB SSD
Converti‚Ä¶"
79,"RT @martinezcarin: Hola! üëãüèº
Vendo una notebook HP Laptop Model 15-da0073wm por 2.300.000 gs.
- 4 GB de RAM DDR4 (Expandible)
- 1 TB de disc‚Ä¶"
80,"RT @salma_zeinab: üí•LAPTOP TABLETüí•
21,999 KSH 
(PRICE SLASHED)
 0711686637

HP REVOLVE 810 Touchscreen 
Corei5
8 GB RAM 
256 GB SSD
Converti‚Ä¶"
81,"RT @salma_zeinab: üí•LAPTOP TABLETüí•
21,999 KSH 
(PRICE SLASHED)
 0711686637

HP REVOLVE 810 Touchscreen 
Corei5
8 GB RAM 
256 GB SSD
Converti‚Ä¶"
82,"RT @salma_zeinab: üí•LAPTOP TABLETüí•
21,999 KSH 
(PRICE SLASHED)
 0711686637

HP REVOLVE 810 Touchscreen 
Corei5
8 GB RAM 
256 GB SSD
Converti‚Ä¶"
83,"RT @salma_zeinab: üí•LAPTOP TABLETüí•
21,999 KSH 
(PRICE SLASHED)
 0711686637

HP REVOLVE 810 Touchscreen 
Corei5
8 GB RAM 
256 GB SSD
Converti‚Ä¶"
84,HP ‚Äì Envy 14‚Ä≥ 14-Es0033dx 2 In 1 Full HD Touch-Screen IPS Laptop ‚Äì Intel Core i7-1355U 13th Generation ‚Äì 16GB Memor‚Ä¶ https://t.co/DomJs6XVWi
85,"RT @salma_zeinab: üí•LAPTOP TABLETüí•
21,999 KSH 
(PRICE SLASHED)
 0711686637

HP REVOLVE 810 Touchscreen 
Corei5
8 GB RAM 
256 GB SSD
Converti‚Ä¶"
86,"RT @salma_zeinab: üí•LAPTOP TABLETüí•
21,999 KSH 
(PRICE SLASHED)
 0711686637

HP REVOLVE 810 Touchscreen 
Corei5
8 GB RAM 
256 GB SSD
Converti‚Ä¶"
87,"RT @salma_zeinab: üí•LAPTOP TABLETüí•
21,999 KSH 
(PRICE SLASHED)
 0711686637

HP REVOLVE 810 Touchscreen 
Corei5
8 GB RAM 
256 GB SSD
Converti‚Ä¶"
88,"RT @salma_zeinab: üí•LAPTOP TABLETüí•
21,999 KSH 
(PRICE SLASHED)
 0711686637

HP REVOLVE 810 Touchscreen 
Corei5
8 GB RAM 
256 GB SSD
Converti‚Ä¶"
89,"Pick Up Store üìç 6 Ola Ayeni Street Computer Village Ikeja Lagos Opposite 3chub 

#optimaltechlovesyou #bestpriceinnigeria #HP #laptop"
90,"HP ELITEBOOK 840 G6 Keyboard Light , Non Touch , Core i5 | 32gb Ram | 1TB SSD | Comes in Carton N280,000 ü•µ

With Fr‚Ä¶ https://t.co/AqLhc9PZLq"
91,@prabhakarmathe1 Welcome to HP. we are sorry to hear about the experience you are facing with your HP ENVY x360 lap‚Ä¶ https://t.co/NsgBhpfCmD
92,"RT @salma_zeinab: üí•LAPTOP TABLETüí•
21,999 KSH 
(PRICE SLASHED)
 0711686637

HP REVOLVE 810 Touchscreen 
Corei5
8 GB RAM 
256 GB SSD
Converti‚Ä¶"
93,"RT @salma_zeinab: üí•LAPTOP TABLETüí•
21,999 KSH 
(PRICE SLASHED)
 0711686637

HP REVOLVE 810 Touchscreen 
Corei5
8 GB RAM 
256 GB SSD
Converti‚Ä¶"
94,"ngapa yaa gua klo kelamaan di depan laptop bakal sakit mata trus muntah üò≠üò≠ pdhl liat hp kaga ngapa¬≤, apa gua alergi bljr yaa ü•≤ü•≤"
95,"RT @salma_zeinab: üí•LAPTOP TABLETüí•
21,999 KSH 
(PRICE SLASHED)
 0711686637

HP REVOLVE 810 Touchscreen 
Corei5
8 GB RAM 
256 GB SSD
Converti‚Ä¶"
96,"RT @salma_zeinab: üí•LAPTOP TABLETüí•
21,999 KSH 
(PRICE SLASHED)
 0711686637

HP REVOLVE 810 Touchscreen 
Corei5
8 GB RAM 
256 GB SSD
Converti‚Ä¶"
97,"RT @salma_zeinab: üí•LAPTOP TABLETüí•
21,999 KSH 
(PRICE SLASHED)
 0711686637

HP REVOLVE 810 Touchscreen 
Corei5
8 GB RAM 
256 GB SSD
Converti‚Ä¶"
98,@Jungkooknesia Indomy yang memiliki PC/laptop dan HP yang termotivasi untuk mendukung JJK1 serta membuat rekor LnR‚Ä¶ https://t.co/shVD3KpDYJ
99,RT @IGNDeals: The HP Memorial Day Sale is now live... score an HP OMEN 16 RTX 4060 gaming laptop for only $1199.99 or a super powerful HP O‚Ä¶
100,@Jungkooknesia Indomy yang memiliki PC/laptop dan HP yang termotivasi untuk mendukung JJK1 serta membuat rekor LnR‚Ä¶ https://t.co/SXtsg6qtiY
101,"üí•LAPTOP TABLETüí•
21,999 KSH 
(PRICE SLASHED)
 0711686637

HP REVOLVE 810 Touchscreen 
Corei5
8 GB RAM 
256 GB SSD
Co‚Ä¶ https://t.co/goGA90LF8z"
102,"RT @97NJMKOOKS: @JK_BRIndonesia Indomy yang memiliki PC/laptop dan HP yang termotivasi untuk mendukung JJK1 serta membuat rekor LnR 1B, ayo‚Ä¶"
103,@JK_BRIndonesia Indomy yang memiliki PC/laptop dan HP yang termotivasi untuk mendukung JJK1 serta membuat rekor LnR‚Ä¶ https://t.co/L8GwBEb3XO
104,"RT @Tyler_mbaya: Hp Elitebook 820 
Intel core  i7 
Storage 8gb ram/500gb hdd
Size 12.5 inches 
Comes with laptop bag 
Price 27500
Contact 0‚Ä¶"
105,"RT @Tyler_mbaya: Hp Elitebook 820 
Intel core  i7 
Storage 8gb ram/500gb hdd
Size 12.5 inches 
Comes with laptop bag 
Price 27500
Contact 0‚Ä¶"
106,"RT @Tyler_mbaya: Hp Elitebook 820 
Intel core  i7 
Storage 8gb ram/500gb hdd
Size 12.5 inches 
Comes with laptop bag 
Price 27500
Contact 0‚Ä¶"
107,"RT @Tyler_mbaya: Hp Elitebook 820 
Intel core  i7 
Storage 8gb ram/500gb hdd
Size 12.5 inches 
Comes with laptop bag 
Price 27500
Contact 0‚Ä¶"
108,"Buat yang uner:
Pakaianmu
Selimut klo butuh
Bahan mandi (sabun, shampo, odol, sikat gigi)
Uang secukupnya
HP
Obat,‚Ä¶ https://t.co/X1qAVMw9m9"
109,"@HPIndia Dear your HP envy x360 13, Body is too weak. While opening screen it's broken from both side, is there any‚Ä¶ https://t.co/b3h2WqbNZH"
110,"RT @martinezcarin: Hola! üëãüèº
Vendo una notebook HP Laptop Model 15-da0073wm por 2.300.000 gs.
- 4 GB de RAM DDR4 (Expandible)
- 1 TB de disc‚Ä¶"
111,"RT @Tyler_mbaya: Hp Elitebook 820 
Intel core  i7 
Storage 8gb ram/500gb hdd
Size 12.5 inches 
Comes with laptop bag 
Price 27500
Contact 0‚Ä¶"
112,"HP ku tiba-tiba mati sendiri dan gak bisa dinyalain wakakaka trus di laptop ternyata WA nya dah gak konek, wassalam üôè"
113,@t0binatr1x https://t.co/yk6gyVyaA5 this one
114,"RT @Tyler_mbaya: Hp Elitebook 820 
Intel core  i7 
Storage 8gb ram/500gb hdd
Size 12.5 inches 
Comes with laptop bag 
Price 27500
Contact 0‚Ä¶"
115,"Aksesoris HP dan Laptop terlengkap dan termurah. Powerbank, kabel data, charger, dan lainnya. 

Bisa kirim ke selur‚Ä¶ https://t.co/CvKzPGM6Ld"
116,"nyalain laptop tp main hp itu bukan tindakan kriminal, tp illegal üëπ"
117,"RT @Tyler_mbaya: Hp Elitebook 820 
Intel core  i7 
Storage 8gb ram/500gb hdd
Size 12.5 inches 
Comes with laptop bag 
Price 27500
Contact 0‚Ä¶"
118,"RT @Tyler_mbaya: Hp Elitebook 820 
Intel core  i7 
Storage 8gb ram/500gb hdd
Size 12.5 inches 
Comes with laptop bag 
Price 27500
Contact 0‚Ä¶"
119,"RT @Tyler_mbaya: Hp Elitebook 820 
Intel core  i7 
Storage 8gb ram/500gb hdd
Size 12.5 inches 
Comes with laptop bag 
Price 27500
Contact 0‚Ä¶"
120,"@ch_2309 Gua sd belum ada hp apalagi laptop
Maybe karna emang umur sm kakak abg juga beda 4 run doang kali ya
Jdi m‚Ä¶ https://t.co/0aakBc7TH0"
121,"RT @Tyler_mbaya: Hp Elitebook 820 
Intel core  i7 
Storage 8gb ram/500gb hdd
Size 12.5 inches 
Comes with laptop bag 
Price 27500
Contact 0‚Ä¶"
122,"RT @Tyler_mbaya: Hp Elitebook 820 
Intel core  i7 
Storage 8gb ram/500gb hdd
Size 12.5 inches 
Comes with laptop bag 
Price 27500
Contact 0‚Ä¶"
123,"RT @Tyler_mbaya: Hp Elitebook 820 
Intel core  i7 
Storage 8gb ram/500gb hdd
Size 12.5 inches 
Comes with laptop bag 
Price 27500
Contact 0‚Ä¶"
124,"@luvzhanghao_s PLSS SAMA BGTüò≠üò≠üò≠ Buka laptop, orangnya main hp‚Ä¶ skripsinya nonton aku main hpüò≠üò≠üò≠"
125,"RT @Tyler_mbaya: Hp Elitebook 820 
Intel core  i7 
Storage 8gb ram/500gb hdd
Size 12.5 inches 
Comes with laptop bag 
Price 27500
Contact 0‚Ä¶"
126,"RT @Tyler_mbaya: Hp Elitebook 820 
Intel core  i7 
Storage 8gb ram/500gb hdd
Size 12.5 inches 
Comes with laptop bag 
Price 27500
Contact 0‚Ä¶"
127,"*Special Offerüî•*
Hp Laptop
Core I5-6200U 2.4 GHz
Intel HD graphics 520 up to 4 Gb
vga: AMD Radeon r5 M330 2 Gb up t‚Ä¶ https://t.co/9VFQl0Swgu"
128,"RT @Tyler_mbaya: Hp Elitebook 820 
Intel core  i7 
Storage 8gb ram/500gb hdd
Size 12.5 inches 
Comes with laptop bag 
Price 27500
Contact 0‚Ä¶"
129,"RT @Tyler_mbaya: Hp Elitebook 820 
Intel core  i7 
Storage 8gb ram/500gb hdd
Size 12.5 inches 
Comes with laptop bag 
Price 27500
Contact 0‚Ä¶"
130,"RT @Tyler_mbaya: Hp Elitebook 820 
Intel core  i7 
Storage 8gb ram/500gb hdd
Size 12.5 inches 
Comes with laptop bag 
Price 27500
Contact 0‚Ä¶"
131,"RT @Tyler_mbaya: Hp Elitebook 820 
Intel core  i7 
Storage 8gb ram/500gb hdd
Size 12.5 inches 
Comes with laptop bag 
Price 27500
Contact 0‚Ä¶"
132,menurut kalian bagusan laptop merk hp atau asus?
133,"*Hp Laptop*
Core I7-3630 QM 2.4 GHz
Intel HD graphics 4000
vga: Nvidia GeForce GT 630M
8 GB RAM (upgradable to 16 G‚Ä¶ https://t.co/geIBp3zJ06"
134,"RT @Tyler_mbaya: Hp Elitebook 820 
Intel core  i7 
Storage 8gb ram/500gb hdd
Size 12.5 inches 
Comes with laptop bag 
Price 27500
Contact 0‚Ä¶"
135,"RT @Tyler_mbaya: Hp Elitebook 820 
Intel core  i7 
Storage 8gb ram/500gb hdd
Size 12.5 inches 
Comes with laptop bag 
Price 27500
Contact 0‚Ä¶"
136,"RT @Tyler_mbaya: Hp Elitebook 820 
Intel core  i7 
Storage 8gb ram/500gb hdd
Size 12.5 inches 
Comes with laptop bag 
Price 27500
Contact 0‚Ä¶"
137,"RT @Tyler_mbaya: Hp Elitebook 820 
Intel core  i7 
Storage 8gb ram/500gb hdd
Size 12.5 inches 
Comes with laptop bag 
Price 27500
Contact 0‚Ä¶"
138,"RT @Tyler_mbaya: Hp Elitebook 820 
Intel core  i7 
Storage 8gb ram/500gb hdd
Size 12.5 inches 
Comes with laptop bag 
Price 27500
Contact 0‚Ä¶"
139,"RT @Tyler_mbaya: Hp Elitebook 820 
Intel core  i7 
Storage 8gb ram/500gb hdd
Size 12.5 inches 
Comes with laptop bag 
Price 27500
Contact 0‚Ä¶"
140,"RT @Tyler_mbaya: Hp Elitebook 820 
Intel core  i7 
Storage 8gb ram/500gb hdd
Size 12.5 inches 
Comes with laptop bag 
Price 27500
Contact 0‚Ä¶"
141,"RT @Tyler_mbaya: Hp Elitebook 820 
Intel core  i7 
Storage 8gb ram/500gb hdd
Size 12.5 inches 
Comes with laptop bag 
Price 27500
Contact 0‚Ä¶"
142,"RT @Tyler_mbaya: Hp Elitebook 820 
Intel core  i7 
Storage 8gb ram/500gb hdd
Size 12.5 inches 
Comes with laptop bag 
Price 27500
Contact 0‚Ä¶"
143,ternyata emang terbukti manusia gak pernah merasa puas :( dulu waktu punya notebook HP gara gara gak jadi beli lapt‚Ä¶ https://t.co/e1WDhXoJ0Q
144,"RT @Tyler_mbaya: Hp Elitebook 820 
Intel core  i7 
Storage 8gb ram/500gb hdd
Size 12.5 inches 
Comes with laptop bag 
Price 27500
Contact 0‚Ä¶"
145,"RT @Tyler_mbaya: Hp Elitebook 820 
Intel core  i7 
Storage 8gb ram/500gb hdd
Size 12.5 inches 
Comes with laptop bag 
Price 27500
Contact 0‚Ä¶"
146,"RT @Tyler_mbaya: Hp Elitebook 820 
Intel core  i7 
Storage 8gb ram/500gb hdd
Size 12.5 inches 
Comes with laptop bag 
Price 27500
Contact 0‚Ä¶"
147,"RT @Tyler_mbaya: Hp Elitebook 820 
Intel core  i7 
Storage 8gb ram/500gb hdd
Size 12.5 inches 
Comes with laptop bag 
Price 27500
Contact 0‚Ä¶"
148,"RT @Tyler_mbaya: Hp Elitebook 820 
Intel core  i7 
Storage 8gb ram/500gb hdd
Size 12.5 inches 
Comes with laptop bag 
Price 27500
Contact 0‚Ä¶"
149,"RT @Tyler_mbaya: Hp Elitebook 820 
Intel core  i7 
Storage 8gb ram/500gb hdd
Size 12.5 inches 
Comes with laptop bag 
Price 27500
Contact 0‚Ä¶"
150,"RT @Tyler_mbaya: Hp Elitebook 820 
Intel core  i7 
Storage 8gb ram/500gb hdd
Size 12.5 inches 
Comes with laptop bag 
Price 27500
Contact 0‚Ä¶"
151,"RT @Tyler_mbaya: Hp Elitebook 820 
Intel core  i7 
Storage 8gb ram/500gb hdd
Size 12.5 inches 
Comes with laptop bag 
Price 27500
Contact 0‚Ä¶"
152,"RT @Tyler_mbaya: Hp Elitebook 820 
Intel core  i7 
Storage 8gb ram/500gb hdd
Size 12.5 inches 
Comes with laptop bag 
Price 27500
Contact 0‚Ä¶"
153,"RT @Tyler_mbaya: Hp Elitebook 820 
Intel core  i7 
Storage 8gb ram/500gb hdd
Size 12.5 inches 
Comes with laptop bag 
Price 27500
Contact 0‚Ä¶"
154,"RT @Tyler_mbaya: Hp Elitebook 820 
Intel core  i7 
Storage 8gb ram/500gb hdd
Size 12.5 inches 
Comes with laptop bag 
Price 27500
Contact 0‚Ä¶"
155,"RT @Tyler_mbaya: Hp Elitebook 820 
Intel core  i7 
Storage 8gb ram/500gb hdd
Size 12.5 inches 
Comes with laptop bag 
Price 27500
Contact 0‚Ä¶"
156,"RT @Tyler_mbaya: Hp Elitebook 820 
Intel core  i7 
Storage 8gb ram/500gb hdd
Size 12.5 inches 
Comes with laptop bag 
Price 27500
Contact 0‚Ä¶"
157,"RT @Tyler_mbaya: Hp Elitebook 820 
Intel core  i7 
Storage 8gb ram/500gb hdd
Size 12.5 inches 
Comes with laptop bag 
Price 27500
Contact 0‚Ä¶"
158,@HeiiiSasha Bukan routernya. Tapi device yg kamu pake. Laptop/hp.
159,"RT @jomirife: Lenovo V15 G2 ITL ‚Äì Auspacken des neuen Laptop-Computers, einfach, aber leistungsstark f√ºr die Arbeit https://t.co/NsQ7t4a8pd‚Ä¶"
160,"Aku jd ingat dulu pernah ketipu jual beli online pas kuliah, 1,5jt habis dalam sehari alhasil sebulan ga ada uang s‚Ä¶ https://t.co/Pqn8GoDckK"
161,"Lenovo V15 G2 ITL ‚Äì Auspacken des neuen Laptop-Computers, einfach, aber leistungsstark f√ºr die Arbeit‚Ä¶ https://t.co/qn5n73tmnN"
162,"sinyal wifi kos buat buka wa di laptop aja gakbisa, charger rusak, batre hp habis

dicari: semangat belajar ptpd"
163,"nyalain laptop, buka skripsian, abis itu mainan hp sampe ketiduran https://t.co/YRtOST7bxG"
164,"RT @nijokestu: The latest generation laptop is up for sale here at Ceenet. HP 15s 5295 at an affordable price.

üìåCORE i5
üìå8gb Ram 
üìå512gb S‚Ä¶"
165,"Alhamdulillah selama sekolah gapernah nipu biaya kuliah kaya gini, uang HP juga minta karena emang rusak beneran, l‚Ä¶ https://t.co/76wBaUWHRn"
166,"RT @Tyler_mbaya: Hp Elitebook 820 
Intel core  i7 
Storage 8gb ram/500gb hdd
Size 12.5 inches 
Comes with laptop bag 
Price 27500
Contact 0‚Ä¶"
167,"Krn dari gua pribadi, klo barang blm rusak ya pertahanin. Laptop pun jg gitu, baru ganti stlh bener¬≤ udh rusak krn‚Ä¶ https://t.co/OienfOWQnX"
168,"RT @Tyler_mbaya: Hp Elitebook 820 
Intel core  i7 
Storage 8gb ram/500gb hdd
Size 12.5 inches 
Comes with laptop bag 
Price 27500
Contact 0‚Ä¶"
169,"RT @martinezcarin: Hola! üëãüèº
Vendo una notebook HP Laptop Model 15-da0073wm por 2.300.000 gs.
- 4 GB de RAM DDR4 (Expandible)
- 1 TB de disc‚Ä¶"
170,"Lama-lama cape juga semuamuanya harus dicharge ya ga si, hp, laptop, jam tangan, tws, ampun deh. Kayaknya yang wort‚Ä¶ https://t.co/2zs865kVGd"
171,"RT @martinezcarin: Hola! üëãüèº
Vendo una notebook HP Laptop Model 15-da0073wm por 2.300.000 gs.
- 4 GB de RAM DDR4 (Expandible)
- 1 TB de disc‚Ä¶"
172,Laptop Bag for HP Dell Asus Apple Huawei Universal Travel Handbag for 10.1 11.6 12 13.3 14 15.6 Inch Cartoon Print‚Ä¶ https://t.co/qR5DctLdHo
173,"RT @Tyler_mbaya: Hp Elitebook 820 
Intel core  i7 
Storage 8gb ram/500gb hdd
Size 12.5 inches 
Comes with laptop bag 
Price 27500
Contact 0‚Ä¶"
174,"RT @Tinktek: Kindly RT, someone might need this on your TL.

Open Box

HP Envy 13 x360 (Mint)
Core i7 11th Gen
512 ssd
8gb Ram
Intel Iris X‚Ä¶"
175,@emgiyaya ga main hp juga planga plongo depan laptop
176,"HP ENVY x360 2-in-1 13-bf0xxx
12th Generation
Intel Core i7
8GB RAM
512SSD
DIRECTX 12
Microsoft Office 2021
Windows‚Ä¶ https://t.co/eMiowosrwE"
177,hi kembali lg bersamaku twt an pke laptop krn HP GUE RUSAAAAKKKKü•≤
178,"mau scroll tl aja sulit bgt :') buka laptop, laptopnya di pinjem foto. buka hp, hpnya di pinjem buat liat video. ge‚Ä¶ https://t.co/o66eY10bI3"
179,"@secretciaaa Maaf hamba masih lemah, cuma bisa:
Hp: 37x
Laptop: 38x
Smart Tv: 10x
üòì"
180,"Unboxing Experience
Hp ENVY 14
Corei7, 16gb, 1tb ssd storage https://t.co/fEc7qzid98"
181,"RT @Tyler_mbaya: Hp Elitebook 820 
Intel core  i7 
Storage 8gb ram/500gb hdd
Size 12.5 inches 
Comes with laptop bag 
Price 27500
Contact 0‚Ä¶"
182,"@tanyakanrl buat tempat nitip apapun kalo lg buka laptop yg apa¬≤nya dari hp, emg rada ribet apalagi kalo emg fileny‚Ä¶ https://t.co/gQWeWK6w4X"
183,"ini jaman 1.6, yang GAA kedua ga ada fotonya di hp adanya di laptop... sooo yeah https://t.co/0u5EQt6Vqm"
184,"RT @Tinktek: Kindly RT, someone might need this on your TL.

High Performance üëå

HP Envy 15 (Mint)
Core i9 10th Gen
1tb ssd
32gb Ram
6gb Nv‚Ä¶"
185,"RT @martinezcarin: Hola! üëãüèº
Vendo una notebook HP Laptop Model 15-da0073wm por 2.300.000 gs.
- 4 GB de RAM DDR4 (Expandible)
- 1 TB de disc‚Ä¶"
186,"@moonlieto Kayanya memang sistem twt baru ini banyak yang gitu nak.
tweet double, ada yg gambarnya g ke-load kalau buka di hp atau laptop."
187,"RT @Tyler_mbaya: Hp Elitebook 820 
Intel core  i7 
Storage 8gb ram/500gb hdd
Size 12.5 inches 
Comes with laptop bag 
Price 27500
Contact 0‚Ä¶"
188,"#Ad On Sale for $699.98 from $769.98
HP 17"" Touch Laptop AMD R3 8GB, 256GB SSD 1 YR HP ADP, MS365 &amp; Voucher‚Ä¶ https://t.co/ZfLiEj6S0A"
189,"RT @martinezcarin: Hola! üëãüèº
Vendo una notebook HP Laptop Model 15-da0073wm por 2.300.000 gs.
- 4 GB de RAM DDR4 (Expandible)
- 1 TB de disc‚Ä¶"
190,"@firewhisklee coba edit di laptop pak, soalnya aku kemaren pake hp emang resolusinya jadi jlek banget masaüò¢"
191,"RT @Tyler_mbaya: Hp Elitebook 820 
Intel core  i7 
Storage 8gb ram/500gb hdd
Size 12.5 inches 
Comes with laptop bag 
Price 27500
Contact 0‚Ä¶"
192,Do you know as an Affiliate Marketer on Digistem you don't only earn commission? You also win awesome prizes for an‚Ä¶ https://t.co/cF5aU71W1f
193,"RT @martinezcarin: Hola! üëãüèº
Vendo una notebook HP Laptop Model 15-da0073wm por 2.300.000 gs.
- 4 GB de RAM DDR4 (Expandible)
- 1 TB de disc‚Ä¶"
194,"RT @Tyler_mbaya: Hp Elitebook 820 
Intel core  i7 
Storage 8gb ram/500gb hdd
Size 12.5 inches 
Comes with laptop bag 
Price 27500
Contact 0‚Ä¶"
195,"RT @martinezcarin: Hola! üëãüèº
Vendo una notebook HP Laptop Model 15-da0073wm por 2.300.000 gs.
- 4 GB de RAM DDR4 (Expandible)
- 1 TB de disc‚Ä¶"
196,"@au_tii gada hp baru, make laptop tross"
197,"RT @Tyler_mbaya: Hp Elitebook 820 
Intel core  i7 
Storage 8gb ram/500gb hdd
Size 12.5 inches 
Comes with laptop bag 
Price 27500
Contact 0‚Ä¶"
198,"RT @Tyler_mbaya: Hp Elitebook 820 
Intel core  i7 
Storage 8gb ram/500gb hdd
Size 12.5 inches 
Comes with laptop bag 
Price 27500
Contact 0‚Ä¶"
199,"RT @Tyler_mbaya: Hp Elitebook 820 
Intel core  i7 
Storage 8gb ram/500gb hdd
Size 12.5 inches 
Comes with laptop bag 
Price 27500
Contact 0‚Ä¶"
200,Super Hot Deal! Get it for only $299.99! https://t.co/bm89mCkCYR
201,"RT @Tyler_mbaya: Hp Elitebook 820 
Intel core  i7 
Storage 8gb ram/500gb hdd
Size 12.5 inches 
Comes with laptop bag 
Price 27500
Contact 0‚Ä¶"
202,4 jam lebih mikir mo beli tab apa engga akhirnya beli tas laptop aja wkwkwkw banyak hal yang bisa aku beli dengan u‚Ä¶ https://t.co/t0zFpsEhH4
203,"RT @Tyler_mbaya: Hp Elitebook 820 
Intel core  i7 
Storage 8gb ram/500gb hdd
Size 12.5 inches 
Comes with laptop bag 
Price 27500
Contact 0‚Ä¶"
204,"RT @Tyler_mbaya: Hp Elitebook 820 
Intel core  i7 
Storage 8gb ram/500gb hdd
Size 12.5 inches 
Comes with laptop bag 
Price 27500
Contact 0‚Ä¶"
205,"RT @FS_Yusuf_: testimonials from REAL BUYERS via @HuntellaDotNet bio
certified used HP UltraBook14
performance laptop with ThunderBolt3
14‚Ä¶"
206,DOMISO 10 13 14 15.6 Inch Shock Resistant Laptop Sleeve Protective Case Waterproof Laptop Bag for Macbook Acer HP B‚Ä¶ https://t.co/vfxBBahpsI
207,"RT @Tyler_mbaya: Hp Elitebook 820 
Intel core  i7 
Storage 8gb ram/500gb hdd
Size 12.5 inches 
Comes with laptop bag 
Price 27500
Contact 0‚Ä¶"
208,"RT @martinezcarin: Hola! üëãüèº
Vendo una notebook HP Laptop Model 15-da0073wm por 2.300.000 gs.
- 4 GB de RAM DDR4 (Expandible)
- 1 TB de disc‚Ä¶"
209,"Hp Elitebook 820 
Intel core  i7 
Storage 8gb ram/500gb hdd
Size 12.5 inches 
Comes with laptop bag 
Price 27500
Co‚Ä¶ https://t.co/LKo3ZdFw7W"
210,"RT @martinezcarin: Hola! üëãüèº
Vendo una notebook HP Laptop Model 15-da0073wm por 2.300.000 gs.
- 4 GB de RAM DDR4 (Expandible)
- 1 TB de disc‚Ä¶"
211,"RT @FS_Yusuf_: testimonials from REAL BUYERS via @HuntellaDotNet bio
certified used HP UltraBook14
performance laptop with ThunderBolt3
14‚Ä¶"
212,"RT @martinezcarin: Hola! üëãüèº
Vendo una notebook HP Laptop Model 15-da0073wm por 2.300.000 gs.
- 4 GB de RAM DDR4 (Expandible)
- 1 TB de disc‚Ä¶"
213,"Demi tuhan, NETFLIX BABI OSHI NO KO KOK GADA SUB INDONYA, TRUS KENAPA NETFLIX HP SAMA LAPTOP W BEDA UPDATENYAAA BWWBJSSNANAMKAL"
214,"@voojungkook Jreeeng liat hp, pas balik liat laptop lgsg pening lg üò≠"
215,"#breaking üî• Gaming Lovers !  
27% OFF on Exclusive HP Victus Gaming Laptop 
Link -: https://t.co/zHI6hQE7XQ

Follow‚Ä¶ https://t.co/fvcAo9TAam"
216,"RT @FS_Yusuf_: testimonials from REAL BUYERS via @HuntellaDotNet bio
certified used HP UltraBook14
performance laptop with ThunderBolt3
14‚Ä¶"
217,woilah gacha gua di akun laptop malah 100x lebih manteb drpd yg di akun hp üò≠
218,@gitcaris Hp lahhh???? Sekte mana ancrit make laptop
219,"buka laptop dikamar malem2 gini, cuma buat play yt lagu doang, trs baca novel di hp dh._."
220,"@tanyakanrl buat tranfser tugas dr hp ke laptop, link tiktok, link yt, kajian, ngedrakor"
221,"@Alll_Official Saya nongkrong peganh laptop, tab, hp, kalkulator, kertasüôè"
222,"[cm] aku terakhir backup tanggal itu, sampe kemarin pertengahan bulan ok ok aja, tpi tbtb ke restore sendiri akhirn‚Ä¶ https://t.co/txBji2iijq"
223,"RT @martinezcarin: Hola! üëãüèº
Vendo una notebook HP Laptop Model 15-da0073wm por 2.300.000 gs.
- 4 GB de RAM DDR4 (Expandible)
- 1 TB de disc‚Ä¶"
224,Bisa-bisanya laptop sama hp raib
225,@HPSupport I have Dell laptop almost 5 year old it's till time no issue this time I was make big mistakes believe o‚Ä¶ https://t.co/fPgJcCwHDU
226,"and finally ak bisa bayar kos sebagian pke uangku, beli laptop sendiri, hp juga full pake uang sndriü´∂üèªkeren apresiasi buat ak sndri"
227,/tanya kalian yang ba layout editnya pake apk apa? di hp atau laptop?
228,"RT @martinezcarin: Hola! üëãüèº
Vendo una notebook HP Laptop Model 15-da0073wm por 2.300.000 gs.
- 4 GB de RAM DDR4 (Expandible)
- 1 TB de disc‚Ä¶"
229,Lanjut bsk pake laptop deh. HP gue panasüò≠
230,"netflix prem yang bisa dipake buat 2 device dong #zonauangÔ∏è  

kadang pengen nonton di laptop, kadang pengen nonton‚Ä¶ https://t.co/zK51fOZNPX"
231,"@RonFilipkowski I have so many questions.

Why does God have to send a whole laptop? If all that matters is the int‚Ä¶ https://t.co/CwsXa7iA2O"
232,"RT @FS_Yusuf_: testimonials from REAL BUYERS via @HuntellaDotNet bio
certified used HP UltraBook14
performance laptop with ThunderBolt3
14‚Ä¶"
233,"Gw ga tega main hsr lama lama di hp ini, tapi kalo main di laptop gw ga betah kalo ga sambil boboan üò≠"
234,"kek ya allah akhirnyaaaaa, gue stay depan hp sama laptop dari jam 4 sore, dan tadi udh mencet 1 tiket berkali kali‚Ä¶ https://t.co/74SfqZAL3e"
235,"buka laptop 1 menit, scroll hp 1 jam https://t.co/GQdnuPeR1p"
236,"RT @Tinktek: Kindly RT, someone might need this on your TL.

High Performance üëå

HP Envy 15 (Mint)
Core i9 10th Gen
1tb ssd
32gb Ram
6gb Nv‚Ä¶"
237,@tanyakanrl Cm buat save pdf sama mobilisasi file hp ke laptop dan sebaliknya
238,"gue mau mindahin foto2 dari galeri hp ke laptop, doain deh ya gak puyeng"
239,"RT @martinezcarin: Hola! üëãüèº
Vendo una notebook HP Laptop Model 15-da0073wm por 2.300.000 gs.
- 4 GB de RAM DDR4 (Expandible)
- 1 TB de disc‚Ä¶"
240,"ga laptop, ga hp sama aja. mulai pada error, tp tidak apa setidaknya masih bisa berfungsi"
241,"laptop buat nonton üáÆüá© v üáπüáº, hp buat nonton üá∞üá∑ v üá©üá∞ wkwk rame banget"
242,"RT @martinezcarin: Hola! üëãüèº
Vendo una notebook HP Laptop Model 15-da0073wm por 2.300.000 gs.
- 4 GB de RAM DDR4 (Expandible)
- 1 TB de disc‚Ä¶"
243,"RT @martinezcarin: Hola! üëãüèº
Vendo una notebook HP Laptop Model 15-da0073wm por 2.300.000 gs.
- 4 GB de RAM DDR4 (Expandible)
- 1 TB de disc‚Ä¶"
244,"RT @martinezcarin: Hola! üëãüèº
Vendo una notebook HP Laptop Model 15-da0073wm por 2.300.000 gs.
- 4 GB de RAM DDR4 (Expandible)
- 1 TB de disc‚Ä¶"
245,Mau pulang hape tiba tiba rusak dong keubah mode aman alhasil jalan kaki gabisa mesen gojek ü•≤ mana di akun twitter‚Ä¶ https://t.co/D3jNISBMyW
246,HP Pavilion 15.6 inch Touchscreen Full HD Laptop - AMD Ryzen 7 5825U - 1920 x 1080 - Windows 11 Notebook Computer 1‚Ä¶ https://t.co/ovJgirDys1
247,HP Pavilion 15.6 inch Touchscreen Full HD Laptop - AMD Ryzen 7 5825U - 1920 x 1080 - Windows 11 Notebook Computer 1‚Ä¶ https://t.co/lnQRAnjJQq
248,https://t.co/fcVTjbmdRZ https://t.co/uCnxCGj9OL
249,"RT @martinezcarin: Hola! üëãüèº
Vendo una notebook HP Laptop Model 15-da0073wm por 2.300.000 gs.
- 4 GB de RAM DDR4 (Expandible)
- 1 TB de disc‚Ä¶"
250,"RT @martinezcarin: Hola! üëãüèº
Vendo una notebook HP Laptop Model 15-da0073wm por 2.300.000 gs.
- 4 GB de RAM DDR4 (Expandible)
- 1 TB de disc‚Ä¶"
251,"sengaja gak buka wa di laptop, hp dijauhin. eh kaget aku di wa sama dospem :"")"
252,"Halo gais, ada yg tau tempat jwal laptop second yg harganya gak dibanting banget? Sender udah nyoba nawarin ke bebe‚Ä¶ https://t.co/sWz8RM9mVm"
253,"RT @Tinktek: Kindly RT, someone might need this on your TL.

High Performance üëå

HP Envy 15 (Mint)
Core i9 10th Gen
1tb ssd
32gb Ram
6gb Nv‚Ä¶"
254,"RT @martinezcarin: Hola! üëãüèº
Vendo una notebook HP Laptop Model 15-da0073wm por 2.300.000 gs.
- 4 GB de RAM DDR4 (Expandible)
- 1 TB de disc‚Ä¶"
255,"RT @martinezcarin: Hola! üëãüèº
Vendo una notebook HP Laptop Model 15-da0073wm por 2.300.000 gs.
- 4 GB de RAM DDR4 (Expandible)
- 1 TB de disc‚Ä¶"
256,"RT @martinezcarin: Hola! üëãüèº
Vendo una notebook HP Laptop Model 15-da0073wm por 2.300.000 gs.
- 4 GB de RAM DDR4 (Expandible)
- 1 TB de disc‚Ä¶"
257,bener sih ga pegang hp tapi on di laptop gimana mau selesai itu kerjaan? ni aku menyindir diri sendiriüòû
258,"@tanyakanrl lebih cepet koneksinya dan ngeload pesannya daripada wa kalo buat transfer file dari hp ke laptop, berguna bgt di laptop"
259,"https://t.co/wvxECzbHdU
HP Pavilion X360
""Looking for a powerful laptop to fuel your artistic passion? Say hello to‚Ä¶ https://t.co/av1RyaktG9"
260,"foto konsernya ada di laptop semua, di hp cuma nyisa ini doang haha"
261,I just love my new laptopüò©ü•∞ü•∞ü•∞ I was gonna get another Mac book but I‚Äôll do that around Christmas but this HP IS DEFINITELY A GOOD ONE .
262,@nct_menfess Jujur Lock screen hp sama Laptop gua masih begini mau ganti juga berat bgtü•≤ https://t.co/g1zoDicPzd
263,"1. Bangun tidur langsung stretching (eh salah, check hp barangkali ada WA kerjaan)
2. Sikat gigi trs cuci muka 
3.‚Ä¶ https://t.co/wts6UfJBO3"
264,"https://t.co/wvxECzbHdU
Check your creativity with the HP 15.6 Inch dy2024nr Laptop for Cricut! üé®üíª Craft like a pro‚Ä¶ https://t.co/M6tKOKUrbJ"
265,"RT @FS_Yusuf_: testimonials from REAL BUYERS via @HuntellaDotNet bio
certified used HP UltraBook14
performance laptop with ThunderBolt3
14‚Ä¶"
266,"RT @martinezcarin: Hola! üëãüèº
Vendo una notebook HP Laptop Model 15-da0073wm por 2.300.000 gs.
- 4 GB de RAM DDR4 (Expandible)
- 1 TB de disc‚Ä¶"
267,"RT @cchukudebelu: Testimonials from REAL BUYERS via @HuntellaDotNet bio
certified used HP UltraBook14
performance laptop with ThunderBolt3‚Ä¶"
268,"RT @martinezcarin: Hola! üëãüèº
Vendo una notebook HP Laptop Model 15-da0073wm por 2.300.000 gs.
- 4 GB de RAM DDR4 (Expandible)
- 1 TB de disc‚Ä¶"
269,"@alvinlie21 @alviation apakah mmg benar pak, penggunaan internet d hp, laptop saat terbang bs mempengaruhi kerja al‚Ä¶ https://t.co/FW4wkPJBnE"
270,"RT @Tinktek: Kindly RT, someone might need this on your TL.

High Performance üëå

HP Envy 15 (Mint)
Core i9 10th Gen
1tb ssd
32gb Ram
6gb Nv‚Ä¶"
271,"RT @Bagatelka1: Mam pro≈õbƒô, czy kto≈õ mo≈ºe poleciƒá dobry laptop?Moje kolejne podej≈õcie, bo w czasie pandemii rozwali≈Çam jeden, teraz szlag t‚Ä¶"
272,"RT @martinezcarin: Hola! üëãüèº
Vendo una notebook HP Laptop Model 15-da0073wm por 2.300.000 gs.
- 4 GB de RAM DDR4 (Expandible)
- 1 TB de disc‚Ä¶"
273,üá∫üá∏HP 1040 G2 | 4gbRam | 256gb | Cori5| Keyboard light| Fingerprint scanner |Non-TOUCH| 170k With LAPTOP BAG  . üá∫üá∏HP‚Ä¶ https://t.co/XK655WCJVE
274,"RT @cchukudebelu: Testimonials from REAL BUYERS via @HuntellaDotNet bio
certified used HP UltraBook14
performance laptop with ThunderBolt3‚Ä¶"
275,"RT @martinezcarin: Hola! üëãüèº
Vendo una notebook HP Laptop Model 15-da0073wm por 2.300.000 gs.
- 4 GB de RAM DDR4 (Expandible)
- 1 TB de disc‚Ä¶"
276,baca au enakan pake hp atau laptop ya WKKWK
277,"RT @FS_Yusuf_: testimonials from REAL BUYERS via @HuntellaDotNet bio
certified used HP UltraBook14
performance laptop with ThunderBolt3
14‚Ä¶"
278,"RT @FS_Yusuf_: testimonials from REAL BUYERS via @HuntellaDotNet bio
certified used HP UltraBook14
performance laptop with ThunderBolt3
14‚Ä¶"
279,"@tanyakanrl Drakor, kirim file dr hp ke laptop krn lewat WA web amat lemodd, download video tiktok tanpa web, bincang2, dll"
280,"testimonials from REAL BUYERS via @HuntellaDotNet bio
certified used HP UltraBook14
performance laptop with Thunder‚Ä¶ https://t.co/2x5usCVHs0"
281,"RT @martinezcarin: Hola! üëãüèº
Vendo una notebook HP Laptop Model 15-da0073wm por 2.300.000 gs.
- 4 GB de RAM DDR4 (Expandible)
- 1 TB de disc‚Ä¶"
282,"RT @cchukudebelu: Testimonials from REAL BUYERS via @HuntellaDotNet bio
certified used HP UltraBook14
performance laptop with ThunderBolt3‚Ä¶"
283,"RT @martinezcarin: Hola! üëãüèº
Vendo una notebook HP Laptop Model 15-da0073wm por 2.300.000 gs.
- 4 GB de RAM DDR4 (Expandible)
- 1 TB de disc‚Ä¶"
284,"https://t.co/wvxECzbHdU
HP 14-2021 Newest
Take your Cricut creations to the next level with the HP 14-2021 Laptop.‚Ä¶ https://t.co/6PioBfdPgR"
285,"Testimonials from REAL BUYERS via @HuntellaDotNet bio
certified used HP UltraBook14
performance laptop with Thunder‚Ä¶ https://t.co/Xb8Gk1kZ4d"
286,sumpah yah udah pake ¬±6 hp minta bantuan tmn +1 laptop juga susah bet https://t.co/GCCOoCv94H
287,"RT @martinezcarin: Hola! üëãüèº
Vendo una notebook HP Laptop Model 15-da0073wm por 2.300.000 gs.
- 4 GB de RAM DDR4 (Expandible)
- 1 TB de disc‚Ä¶"
288,"buka laptop tp main hp, rilüëç"
289,@kibeandy Laptop ilikuwa hp combaqüòÇ.....
290,"RT @martinezcarin: Hola! üëãüèº
Vendo una notebook HP Laptop Model 15-da0073wm por 2.300.000 gs.
- 4 GB de RAM DDR4 (Expandible)
- 1 TB de disc‚Ä¶"
291,"Hola! üëãüèº
Vendo una notebook HP Laptop Model 15-da0073wm por 2.300.000 gs.
- 4 GB de RAM DDR4 (Expandible)
- 1 TB de‚Ä¶ https://t.co/9UjZZ5wSn5"
292,"lagi iseng.. krna ak donlot genshin di 3 device, brikut adlh storage yg digunakan:
hp -&gt; 28.6gb
ipad -&gt; 30.5gb
lapt‚Ä¶ https://t.co/mlIJXioHQV"
293,bingungg mending laptop acer atau hp
294,@earlgreypie_ @tanyakanrl Ada.. adek iparku jual hp buat ngasih kado pacarnya. Bilangnya ilang ketinggalan di kafe.‚Ä¶ https://t.co/kyTCStiBcC
295,RT @UGM_FESS: Permisi ugm_fess teman2 bagi yang menemukan tas laptop HP Pavilion (Hitam ijo) berisi Laprak atas nama Widhi Adji Darma dari‚Ä¶
296,"@IrogAnthony @hackSultan HP ELITEBOOK 850 G3 laptop
15.6"" Display
Core i5
6th Generation
8gb RAM
500gb HDD
Fingerpr‚Ä¶ https://t.co/gK4nVw6YtI"
297,"RT @oku_yungx: I can see basic HP  laptop prices for  500k + naira. 

Still the Dollar right?"
298,Berhasil ngosongin HP. Ga jadi nonton konser Yoongi bawa laptop!
299,"RT @Tinktek: Kindly RT, someone might need this on your TL.

High Performance üëå

HP Envy 15 (Mint)
Core i9 10th Gen
1tb ssd
32gb Ram
6gb Nv‚Ä¶"
300,"RT @Tinktek: Kindly RT, someone might need this on your TL.

Open Box

HP Envy 13 x360 (Mint)
Core i7 11th Gen
512 ssd
8gb Ram
Intel Iris X‚Ä¶"
301,"NETFLIX PREMIUM

üìå Private 
1 bulan 176.000

üìå Sharing 1 Profil 1 User
1 bulan 48.000

üìå Sharing 1 Profil 2 Users
1‚Ä¶ https://t.co/0JSDqUrqyw"
302,"RT @tonyalfredk: Nauza laptop HP ENVY

Bei 190,000

Storage 500gb/ ram 8gb

*haikai na chaji battery imekufa https://t.co/WSzMYrZCoD"
303,"Nauza laptop HP ENVY

Bei 190,000

Storage 500gb/ ram 8gb

*haikai na chaji battery imekufa https://t.co/WSzMYrZCoD‚Ä¶ https://t.co/TN6koBGB9C"
304,Laptop LCD Back Cover/Palmrest/Bottom Case For HP Envy 13T-BA 13-BA TPN-C145 Series A C D Cover Silver FOO60NB‚Ä¶ https://t.co/dOhphbk5B0
305,Sticker Master Black Gold Marbleized Laptop Vinyl Sticker Skin Cover 13 14 15 Inch Notebook Decal for MacBook Asus‚Ä¶ https://t.co/8WDhgCpsj2
306,"@Jeremiah_Bohn If you want ultralight, both HP and Lenovo have models (Elite Dragonfly and Nano) which are even lig‚Ä¶ https://t.co/aYGAtSEaCZ"
307,kebiasaan banget dah idupin laptop abistu dibiarin trus lnjut maen hp
308,mff dulu ga dapet hp jadi fotonya pake kamera laptop resolusi g30spki https://t.co/kbw6fpM4uD
309,"HP Newest 15.6 FHD IPS Flagship Laptop, 11th Gen Intel 4-Core i5-1135G7(Up to 4.2GHz, Beat i7-1060G7), 16GB RAM, 51‚Ä¶ https://t.co/7wCq7Y5PmK"
310,"@Four_Angel_JY WKWKWKWK AMPUN üò≠ ih aku blm buka line dr setahun lalu, soalnya di laptop :(( tp brusan liat tipe hp ku gaadaaa sedih"
311,"HP 14 Laptop, Intel Celeron N4020, 4 GB RAM, 64 GB Storage, 14-inch Micro-edge HD Display, Windows 10 Home, Thin &amp;‚Ä¶ https://t.co/sjQ8ggL2Mg"
312,"Meski ga kerja tetap tp alhamdulillah bisa beli hp total 4 buah, PS3, smart TV, Mesin Cuci, Speaker bluetooth, kasu‚Ä¶ https://t.co/r6vjXv10R5"
313,Kacamata anti radiasi ini sangat membantu banget ketika aku harus kerja didepan laptop atau layar hp. https://t.co/rGGldeNSvH
314,"Gak hp, gak laptop ngelag semua anjer"
315,"laptop hp ŸÑŸÑÿ®Ÿäÿπ ŸÅŸä ÿ£ŸÖÿßŸÜÿ© ÿπŸÖÿßŸÜ ÿßŸÑŸÉÿ®ÿ±Ÿâ
ŸÑŸÑÿ™ŸàÿßÿµŸÑ ŸÖÿπ ÿßŸÑŸÖÿπŸÑŸÜ üëá :
https://t.co/kSTVIHNwqr 
#ŸÖÿ≥ÿ™ÿπŸÖŸÑ_ÿßŸÑÿßÿ±ÿØŸÜ  #ÿßLAPTOP https://t.co/bx5pSUdzSk"
316,"@KertaJaya45 @masteke69 @anakodok2009 @_ikhsanrizky @SoundOfYogi Kayak disini harus. Diambil saudara sendiri, baru‚Ä¶ https://t.co/LABxCAl4UV"
317,ini lucu bgt‚Ä¶. jd kan gue abis ganti lockscreen hp trs td vc sama nyokap lewat laptop terus w kek mau nunjukkin ses‚Ä¶ https://t.co/DTyLg9iIgr
318,"eek bawa hp udah biasa
eek bawa laptop dong"
319,"üëãHowzit Shoppers!
A product you may be interested in?
11.55v Replacement Battery For HP ProBook 430 G7‚Ä¶ https://t.co/LO4syrvvk3"
320,Gue mimpi motong layar laptop dan hp gue anjir baru keinget
321,"RT @ItsJeffreyJeff: HP ELITEBOOK 830 G5 has been our best selling laptop this yearüòç

-8th gen i5,8gb Ram,256GB SSD non touch kes.38,000
-8t‚Ä¶"
322,"@burhan_infinity saya tetap tak pakai mas, klo dinas luar, prefer gak pakai wifi public, jadi pakai ini. kadang lib‚Ä¶ https://t.co/Yoc8HjsyWf"
323,"@tanyakanrl ada banget yang begitu njir. sampe orang tua dah ngebeliin hp iphone baru, laptop baru, motor baru masi‚Ä¶ https://t.co/Xj3Kv2P7gK"
324,"RT @oku_yungx: I can see basic HP  laptop prices for  500k + naira. 

Still the Dollar right?"
325,11 in 1 USB C HUB Laptop Docking Station for Dell HP MacBook Pro Type C Dock HDMI PD 3.0 USB RJ45 VGA PD AUX TF/SD‚Ä¶ https://t.co/wMzsshYeG3
326,"ngerasa kuotanya boros banget, dahal kemarin waktu hp rusak kuota buat wifi laptop doang ga secepet ini abisnya"
327,ADEK GW NYEBELIN BGF ASAL LEMPAR HP KE KASUR TERUS KENA LAPTOP
328,"RT @Tinktek: Kindly RT, someone might need this on your TL.

High Performance üëå

HP Envy 15 (Mint)
Core i9 10th Gen
1tb ssd
32gb Ram
6gb Nv‚Ä¶"
329,"RT @oku_yungx: I can see basic HP  laptop prices for  500k + naira. 

Still the Dollar right?"
330,Gimana caranya biar warna di laptop sama kek di hp??? Pusing betul ngutak ngatik hue saturation ü•≤
331,army yg beneran itu skrg lg dirumah lg pada skincarean lah maskeran lah bikin kuku lah nyiapin baju buat konser yoo‚Ä¶ https://t.co/S7p9uGDFwM
332,"RT @Tinktek: Kindly RT, someone might need this on your TL.

Open Box

HP Envy 13 x360 (Mint)
Core i7 11th Gen
512 ssd
8gb Ram
Intel Iris X‚Ä¶"
333,"@MyfavMeerkat Engga. Udah ada dari sebelumnya. Bisa diakses kalau buka dari web browser, ntah di hp atau laptop."
334,"@prinncexs sehari doang
tapi kerjaannya mantengin hp/laptop terus"
335,"Cara Pakai Google Bard di HP dan Laptop, Bisa Jawab Aneka Pertanyaan https://t.co/KT7LjoCfIb"
336,BELK Laptop Stand Foldable Laptop Holder Non-slip Adjustable Desktop Notebook Stands For Tablet Macbook Pro Air iPa‚Ä¶ https://t.co/HF7OgZU6ve
337,Overheating problem in hp pavilion x360 | Laptop repair Shop in jaipur 6... https://t.co/q6fwvZElFJ via @YouTube
338,@CamilleScholtz *bouwt Intel 8086 emulator in Java op HP laptop met een Intel i7 (8th gen) en Windows 10 om vervolg‚Ä¶ https://t.co/XjrAaP66uF
339,"Yah, banyak yang aku pindahin ke laptop. Dan yang di hp cuma ini-ini aja. https://t.co/b8F1kJV05b https://t.co/nj4QXECSZW"
340,"I won‚Äôt mind a new Laptop 

Hp elight book
Core i7
16gb ram 
Screen touch (Tactics) https://t.co/oez6akzNBN https://t.co/9NqAdKydLY"
341,RT @TonySolana_fux: mfers have this setup and get rinsed by me on a hp laptop üíÄ https://t.co/NcKl7FBYNb
342,"RT @oku_yungx: I can see basic HP  laptop prices for  500k + naira. 

Still the Dollar right?"
343,mfers have this setup and get rinsed by me on a hp laptop üíÄ https://t.co/NcKl7FBYNb
344,"RT @Tinktek: Kindly RT, someone might need this on your TL.

Open Box

HP Envy 13 x360 (Mint)
Core i7 11th Gen
512 ssd
8gb Ram
Intel Iris X‚Ä¶"
345,"RT @oku_yungx: I can see basic HP  laptop prices for  500k + naira. 

Still the Dollar right?"
346,"Beres tiket sekarang ngosongin memori HP. Kalau gagal ngosongin HP, pas konser ntar aku angkut laptop buat videoin‚Ä¶ https://t.co/xTrWlUc2qQ"
347,@convomf Laptop hp semua disingkirin
348,"RT @oku_yungx: I can see basic HP  laptop prices for  500k + naira. 

Still the Dollar right?"
349,"RT @Tinktek: Kindly RT, someone might need this on your TL.

High Performance üëå

HP Envy 15 (Mint)
Core i9 10th Gen
1tb ssd
32gb Ram
6gb Nv‚Ä¶"
350,"RT @Tinktek: Kindly RT, someone might need this on your TL.

High Performance üëå

HP Envy 15 (Mint)
Core i9 10th Gen
1tb ssd
32gb Ram
6gb Nv‚Ä¶"
351,"Kindly RT, someone might need this on your TL.

Open Box

HP Envy 13 x360 (Mint)
Core i7 11th Gen
512 ssd
8gb Ram
I‚Ä¶ https://t.co/ug8l9ZeJn2"
352,"Kindly RT, someone might need this on your TL.

High Performance üëå

HP Envy 15 (Mint)
Core i9 10th Gen
1tb ssd
32gb‚Ä¶ https://t.co/sgBo5dSoqX"
353,"kebiasaan ngedit di laptop, pas ngedit di hp jadi pusing."
354,"Ya Allah laptop suka lemot, hp juga ngikut2"
355,"@tanyakanrl drakor, buku, kirim file dr laptop atau hp (soalnya lbh cepet buka tele di laptop drpada wa), komunikas‚Ä¶ https://t.co/iRHOrWWBRz"
356,"RT @oku_yungx: I can see basic HP  laptop prices for  500k + naira. 

Still the Dollar right?"
357,"4GB PC4 RAM @4500
4GB PC3L RAM @3500
2GB 1500/-
8GB PC3L. 4500/-
ACER @1300
TOSHIBA @1300
ASUS @1300
LENOVO SMALL P‚Ä¶ https://t.co/b9zYzUdrjt"
358,"RT @oku_yungx: I can see basic HP  laptop prices for  500k + naira. 

Still the Dollar right?"
359,"RT @oku_yungx: I can see basic HP  laptop prices for  500k + naira. 

Still the Dollar right?"
360,RT @Evetech: Looking for a laptop that can handle your gaming needs? Check out HP Intel Gaming laptops! With powerful Intel processors and‚Ä¶
361,"RT @oku_yungx: I can see basic HP  laptop prices for  500k + naira. 

Still the Dollar right?"
362,"@EineLenns kata fh ku si di tv ya kak, tp kalo muncul di laptop/hp tetep klik yg not now"
363,"NB LAPTOP HP SPECTRE

Waxaad hada ka dalban kartaa (order now)
Call center: 523776
Call: 0634429451
Whatsapp: 06344‚Ä¶ https://t.co/tQ739WSbNM"
364,"RT @oku_yungx: I can see basic HP  laptop prices for  500k + naira. 

Still the Dollar right?"
365,"HP Laptop 14s-fq0562AU Natural silver Laptop Kosumer (671P2PA) / 14"" / AMD Athlon Silver 3050U / 4 GB / AMD Radeon‚Ä¶ https://t.co/gpSMjXc7S7"
366,syitt ternyata warna pixel di laptop n hp berbezaaaa
367,"I can see basic HP  laptop prices for  500k + naira. 

Still the Dollar right?"
368,"HP 11 CHROMEBOOK / N4020 / 4GB / 160GB / 11.6""HD LAPTOP PELAJAR TERMURAH NEW ORIGINAL
- https://t.co/mXRLj85AWu https://t.co/FTzTPSBL2u"
369,"Laptop HP 14s-dq0510TU / 14s-dq3111TU / 14s-dq3109TU / 14"" / Intel Celeron N4120 / 4GB &amp; 8GB / Intel UHD Graphics /‚Ä¶ https://t.co/1PVCYprnAN"
370,We helped a client upgrade from a hp mkulima core i5 2nd generation 4gb ram 500gb hdd to a hp core i5 Elitebook cor‚Ä¶ https://t.co/d7iPQjp0tD
371,"@ShirleyJwriter I have an HP, but you can't use it as a laptop per se.
The cooling fan blows the Fires of Hell onto your lap.üò±"
372,@Alienware @SystemShockGame üëæ could use something better then my HP laptop to game with as I am worried my current‚Ä¶ https://t.co/6KVrg6kUSf
373,"mau nya belajar. tpi klo gk punya laptop sama sekali beneran susah. niatnya dari hp, berujung buka twt lagi ya sama ajaaaaaaaaaaa"
374,dan yg lebih awikwok nya lagi skarang aku malah hp an trus nge tweet karna kewalahan dengan semua ini dg laptop terbuka dan mata ngantuküëéüëéüëé
375,T√†i li·ªáu s·ª≠a Laptop HP 450 G2 440 G2 LA-B181P - https://t.co/YWbA2f4fEt https://t.co/Jm9mviVaCW
376,"7 in 1 USB C Hub to HDMI Multiport Type c adapter for MacBook Pro Air HP XPS Surface Pro, XPS, Laptop and USB C Dev‚Ä¶ https://t.co/bR9pmKyizq"
377,"RT @SelviSystems: Lite used

Hp AMD Ryzen 3 Laptop

Hp pavilion Laptop
AMD Ryzen 3 Processor
12GB Ram
256GB Nvme SSD
1TB Hard disk
Wi-Fi, w‚Ä¶"
378,"@KakekHalal Lampu led. Hp, laptop, rice cooker, pompa air berarti mengeluarkan emisi juga ya?"
379,"@teorinyaurang Nah itu Saa alasannya, di laptop tuh lebih leluasa, lebih sat set sat set jadi aku nyaman banget. So‚Ä¶ https://t.co/3Yov5OZRIn"
380,"App twitter di hp lagi aneh, kemarin gabisa ngetweet sama sekali dan hari ini ngga bisa ngetweet pakai foto (fck).‚Ä¶ https://t.co/fn4UDleHPq"
381,"@SitiMelyanaaa 30% irit bgt ih kak, tapi aku juga suka pake laptop sih kaya lebih leluasa aja. kalo hp kan tampilan‚Ä¶ https://t.co/tMKjIhz56W"
382,"RT @SelviSystems: Lite used

Hp AMD Ryzen 3 Laptop

Hp pavilion Laptop
AMD Ryzen 3 Processor
12GB Ram
256GB Nvme SSD
1TB Hard disk
Wi-Fi, w‚Ä¶"
383,@ssefnum Hp dan laptop sih.
384,"@teorinyaurang Betulll wkkw makanya masih betah pake yg free soalnya iklannya di aku gak yang ganggu bgt

Ohya bene‚Ä¶ https://t.co/My2vtFXbFa"
385,"RT @SelviSystems: Lite used

Hp AMD Ryzen 3 Laptop

Hp pavilion Laptop
AMD Ryzen 3 Processor
12GB Ram
256GB Nvme SSD
1TB Hard disk
Wi-Fi, w‚Ä¶"
386,@ssefnum Hp laptop
387,@ssefnum Hp dan laptopü§©
388,"Lite used

Hp AMD Ryzen 3 Laptop

Hp pavilion Laptop
AMD Ryzen 3 Processor
12GB Ram
256GB Nvme SSD
1TB Hard disk
Wi‚Ä¶ https://t.co/eNsw5mLnMy"
389,"@SitiMelyanaaa Emang wkwkwk tapi enaknya skrng iklannya ga sesering dulu, biasanya seling 3-4 lagu ada iklan. Skrng‚Ä¶ https://t.co/xuwjkV8aGL"
390,-rl mending ganti hp plus laptop (tapi cari merk lain) atau langsung beyiin mac sekalian?
391,"@teorinyaurang Aku gak pake spotify premium Saa, jadi kalau di hp gak nyaman gak bisa milih lagu. Makanya lebih ena‚Ä¶ https://t.co/jGkmFqNcWe"
392,"@rainysunset_ iya ini masih di depan laptop sama hp, yg CAT 2 day 2 presale dah sold out. ngeri banget BL"
393,"Affiliate Marketing ü§©üî•üî•üî•
Another new baby don land oohü§©üòÇ
@digitstem money well spent 

A business I started with ju‚Ä¶ https://t.co/gp98RjIz7J"
394,"menurut gw ini hal basic sih, gw kalo abis keluar pasti pulangnya langsung cuci kaki sama tangan, walaupun itu cuma‚Ä¶ https://t.co/sa73VAfkaR"
395,"RT @Bagatelka1: Mam pro≈õbƒô, czy kto≈õ mo≈ºe poleciƒá dobry laptop?Moje kolejne podej≈õcie, bo w czasie pandemii rozwali≈Çam jeden, teraz szlag t‚Ä¶"
396,"RT @Bagatelka1: Mam pro≈õbƒô, czy kto≈õ mo≈ºe poleciƒá dobry laptop?Moje kolejne podej≈õcie, bo w czasie pandemii rozwali≈Çam jeden, teraz szlag t‚Ä¶"
397,laptop sm hp rusaknya kompak.. ü§ùü•∫ https://t.co/6yvHpR9HeO
398,"@teorinyaurang Aku udah lama uninstall joox karena lagu-lagu Thainya tiba-tiba jadi nggak bisa semua gitu, Saa. Mun‚Ä¶ https://t.co/TgmqNk4nDH"
399,"Lenovo V15 G2, mit einer Core i5 CPU, 8 GB RAM und einer 256 GB SSD, aber es wird Sie √ºberraschen‚Ä¶ https://t.co/8nbavIr3Dj"
400,"CONFIRM THIS TV IS IN YOUR NETFLIX HOUSEHOLD 

‚Äî kalau ada notif kayak gini, pencet not now aja, jangan pencet aneh‚Ä¶ https://t.co/U5AyGWXtM4"
401,"Hp rusak ga bisa nyala, bodoh bgt wa ga ditautin di laptop"
402,"@tanyarlfes Alasan utamanya udah nyaman pake samsung sama suka inovasinya sih, hp nya awet service centernya gampan‚Ä¶ https://t.co/P1vCa51bhJ"
403,@Naija_PR Looking for a powerful and versatile laptop? Check out the HP Elitebook 1030 G2! With its core i7 process‚Ä¶ https://t.co/f9gVO5irE5
404,@Naija_PR Looking for a powerful and versatile laptop? Check out the HP Elitebook 1030 G2! With its core i7 process‚Ä¶ https://t.co/lXBqcT7tri
405,"Nunggu mbak gua balik lama bgt anjir, File Lamaran gua ada di Laptop semua belum di Copas di HP anjir mana semua se‚Ä¶ https://t.co/pMRWdmuctO"
406,@jogmfs kalo bisa ngedit foto dan vid pake hp / laptop dan ada device dm or colek yak ..... plus nek punya laptop bisa join jadi writer
407,"@mikemckeewrites I have a Motorola &amp; an HP laptop

All I have to say"
408,@nsandihelp Hp laptop and Google chrome.
409,"RT @Swaka_Em: HP Elitebook 840 G3 Corei7 Touchscreen 8gb ram 256 gb SSD 14 inches screen, 2.8ghz speed,      work/student laptop @ 40,000‚Ä¶"
410,@annisa_husnul2 kakak war nya pake laptop atau hp kak? soalnya tadi aku refresh malah antri lagiüò≠
411,"NewOpenbox HP Envy 15 15.6""inch FHD Gaming Laptop at 700,000 

Spec:

IPS Touch Screen Laptop 
11th Gen Intel Corei‚Ä¶ https://t.co/Akh9oSPJO5"
412,"Lah iya, weekend ngapain ya kalau gak ada laptop? Aaaaa tidak bisa nulis dan nonton. Nulis di HP sangat sangat sang‚Ä¶ https://t.co/2sAMqNEpJW"
413,RT @UGM_FESS: Permisi ugm_fess teman2 bagi yang menemukan tas laptop HP Pavilion (Hitam ijo) berisi Laprak atas nama Widhi Adji Darma dari‚Ä¶
414,"Our HP laptop offers the perfect balance of portability and productivity for those on-the-go.
  Grab it Before it G‚Ä¶ https://t.co/PwnkUtcQ51"
415,@AndreanaFrency Aku gak bisa juga kmrn pas nyoba lewat hp. Trus pas nyoba di laptop bisa aja kak
416,RT @jonvanrooyen: Keylogger discovered in HP laptop audio drivers https://t.co/n9IApRdPWg via @mybroadband
417,"@badminton__fess 1 laptop, 3 HP + beda browser masih aja gak dapet tiket 1 pun ü§£"
418,"RT @ItsJeffreyJeff: HP ELITEBOOK 830 G5 has been our best selling laptop this yearüòç

-8th gen i5,8gb Ram,256GB SSD non touch kes.38,000
-8t‚Ä¶"
419,gua udh pake laptop sama hp perusahaan juga masih aja panjang antriannya
420,"2022 Newest HP Envy x360 2-in-1 15.6'' Touch-Screen Laptop - AMD Ryzen 5 5625U, 16GB RAM, 512GB SSD, Windows 11, 3i‚Ä¶ https://t.co/UPK6pV4sml"
421,"2022 Newest HP Envy x360 2-in-1 15.6'' Touch-Screen Laptop - AMD Ryzen 5 5625U, 16GB RAM, 512GB SSD, Windows 11, 3i‚Ä¶ https://t.co/O98Fn6yZ7V"
422,@worksfess Pengen beli hp sama laptop sih
423,RT @baloturnergram: BEST SELLER üí•*HP ELITEBOOK || 1030G2 X360 || 7TH GEN INTEL CORE I7 || 512G SSD 16G RAM || TOUCH SCREEN BACKLIT || FINGE‚Ä¶
424,"stres nya ada bgt, alhamdulilah dpt walopun yg harga normalüò≠
total 6 hp 1 laptop ga tuhü´†"
425,"India‚Äôs PC market declines 30% in Q1 2023; premium laptop shipments worst hit https://t.co/ok5ULY5ptT, Asus shipmen‚Ä¶ https://t.co/sdHxRzvo84"
426,@tpstechin how much time it will take to receive insurance certificate for my HP Pavillion laptop request I'd 12729‚Ä¶ https://t.co/WgPoYgfBYQ
427,"Mam pro≈õbƒô, czy kto≈õ mo≈ºe poleciƒá dobry laptop?Moje kolejne podej≈õcie, bo w czasie pandemii rozwali≈Çam jeden, teraz‚Ä¶ https://t.co/m6UnBP280r"
428,"India‚Äôs PC market declines 30% in Q1 2023; premium laptop shipments worst hit https://t.co/jYQWDxL35o, Asus shipmen‚Ä¶ https://t.co/BuuxBo1k22"
429,@HeathrowAirport I inadvertently forgot to pick up my laptop and tablet after security check in Terminal 5 on Monda‚Ä¶ https://t.co/EfpGdiDGHp
430,"kalo dulu 10 GB buat 7 hari udah sama hotspot laptop sekarang 10 GB cuma buat 4 hari, hp doang loh anjir"
431,should i buy new phone? soalnya sayang duitnya... itu duit buat beli laptop sama ngonser jujur.... and I should sel‚Ä¶ https://t.co/P8uFu5x8r2
432,"Save 31%
HP 15.6"" Laptop with 1 Year Microsoft Office 365. Intel Pentium Quad-Core Processor. Webcam. HDMI. W
NOW:‚Ä¶ https://t.co/pli8BjHbqb"
433,@enpshy Masihhh laptop dan hp huhu sambil kerjaüòæ‚òùÔ∏è
434,"AIRTEL INTERNET USE KARTA
HOON TOH BHANGI BHASOD
HACKERS HP LAPTOP KO SLOW KAR DETE HAIN
AUR AGAR
JIO INTERNET USE‚Ä¶ https://t.co/jABWXJijRs"
435,Laptop Case for HP Spectre x360 Convertible 13-aw0148TU Sleeve Case for Hp Spectre x360 13.3 inch Detachable Laptop‚Ä¶ https://t.co/ZMTuHaJ3YV
436,"RT @AmerExperience: ü¶â Smart &amp; Fun Tips: Baseus Portable Laptop Charger, 30000mAh Power Bank 65W Fast Charging USB C Battery Pack, PD 3.0 7-‚Ä¶"
437,"RT @AmerExperience: ü¶â Smart &amp; Fun Tips: Baseus Portable Laptop Charger, 30000mAh Power Bank 65W Fast Charging USB C Battery Pack, PD 3.0 7-‚Ä¶"
438,"Children's Day is here! Show your kids, nephews and nieces you love them!
To order, click the links below! üëáüèº
Trifo‚Ä¶ https://t.co/s8hIjpczWJ"
439,"Aku gasadar batre hp ku habis, karna tadi pas bangun tidur langsung charger dan dimainin bentaran doang nunggu meet‚Ä¶ https://t.co/NfXv4rx5R4"
440,"wtt lft ph

ÀóÀèÀã apple macbook air 2014 ¬¥ÀéÀó

‚òÖ 128gb, 4gb ram, core i5
‚òÖ ol class, casual browsing, netflix etc..
‚òÖ‚Ä¶ https://t.co/wOGybDRCVG"
441,"""kalian bisa camscanner ga?""

IBU EUUSEUESN GMN CARANY NGESCAN DI LAPTOP, HP JG GA ADA"
442,"LAPTOP DEALS: 2023 HP 15.6"" HD Touchscreen Laptop i3-1115G4, up to 4.1GHz, 32GB RAM &amp; 1TB SSD‚Ä¶ https://t.co/n08cpDbRwn"
443,"HP „Ç≤„Éº„Éü„É≥„Ç∞„Éé„Éº„Éà„Éë„ÇΩ„Ç≥„É≥ Victus by HP 16-d0000ÔºàIntel Core i7-11800H, 16GB, 512GB SSD/RTX 3060 Laptop„Ç∞„É©„Éï„Ç£„ÉÉ„ÇØ„Çπ/144Hz IPS 16.1„Ç§„É≥‚Ä¶ https://t.co/8EfWBvTfQX"
444,"@annisabalqis @BadmintonTalk Bisa kok direfresh tnp perlu balik ke queue lagi, tp td aku nyobanya pake laptop. Gatau deh klo pake hp gmnüôèüèª"
445,"RT @5N_Streams: 3 jam lagi MV DOXA ada di YT ‚ÄºÔ∏è

Mulai siap2 keys ‚ÄºÔ∏è

Siapin SEMUA gadget2 seperti HP, LAPTOP, TABLET, KOMPUTER dll.

Entah‚Ä¶"
446,RT @UGM_FESS: Permisi ugm_fess teman2 bagi yang menemukan tas laptop HP Pavilion (Hitam ijo) berisi Laprak atas nama Widhi Adji Darma dari‚Ä¶
447,"Pingin balik nulis, pingin stay ngesub
Pingin hp baru, pingin ganti laptop
Pingin cobain parfum baru, pingin meleng‚Ä¶ https://t.co/6szDLBEmqv"
448,"Cek beragam pilihan laptop mahasiswa terbaik untuk semua jurusan mencakup berbagai merek, mulai dari¬†Asus Core i5,‚Ä¶ https://t.co/OCcy8jPWN8"
449,I can't exactly remember what kind of issues I was having with Windows Vista - it's been so long. I do know that I‚Ä¶ https://t.co/V8aplk4wvd
450,@realsalehUG My sister bought a laptop from Jumia that was supposed to be an Hp probook according to the app. On de‚Ä¶ https://t.co/lxUS4lHMmL
451,@heyitsSagnik @SavageAryan007 @MicrosoftvApple @GHOST_ASR @thegadgetshub @that_chand @DrishtantR @AbhishekMarkets‚Ä¶ https://t.co/nEzy0i9S1G
452,"RT @asep_rijal01: @5ecretNumber @JP_5ecretNumber @5N_TRENDS
#SECRET_NUMBER #DOXA
‚Äº REMINDER ‚Äº
Ini aturan ketika kalian mau streaming MV di‚Ä¶"
453,"@quanxyra AK JUGA, mw hp mw tab mw laptop, mw komputer"
454,"RT @ItsJeffreyJeff: HP ELITEBOOK 830 G5 has been our best selling laptop this yearüòç

-8th gen i5,8gb Ram,256GB SSD non touch kes.38,000
-8t‚Ä¶"
455,ada yg mau nitip tiket ga td w udh beli dari hp trs laptop w udh masuk ke widget pembelian
456,"Akhirnya gw dpt juga tiket Indonesia open buat day 1 day 2 üò≠üò≠üò≠ Pake hp lebih sat set 

Btw ada yg mau nitip ga nih‚Ä¶ https://t.co/WpL4jmzo8P"
457,"RT @Ghkart_Ghcart: Get the Hp Elitebook x360 1030 G3 today and save BIGGGG! This amazing laptop is perfect for students, professionals, and‚Ä¶"
458,"RT @ItsJeffreyJeff: HP ELITEBOOK 830 G5 has been our best selling laptop this yearüòç

-8th gen i5,8gb Ram,256GB SSD non touch kes.38,000
-8t‚Ä¶"
459,"@UruFangirl enakan vote di laptop si kalo kookyüò≠ kalo hp ribeeet, begadang buat akun kooky 100/hari bjir"
460,"RT @Nyaundillc: @nkmurgor My current hp laptop used to stay 5 hours with battery when I had windows 11 installed, but tangu niweke Fedora i‚Ä¶"
461,Soft Laptop Bag Sleeve For Huawei Xiaomi Hp Dell Lenovo Macbook Air 13 Case M1 M2 2022 Pro 11 13 13.3 15 15.6 inch‚Ä¶ https://t.co/OcsFtHcinx
462,"RT @ItsJeffreyJeff: HP ELITEBOOK 830 G5 has been our best selling laptop this yearüòç

-8th gen i5,8gb Ram,256GB SSD non touch kes.38,000
-8t‚Ä¶"
463,"2022 Flagship HP 15.6‚Äù FHD IPS Micro-Edge Laptop, AMD 6-Core Ryzen 5 5500U (Upto 4.0GHz, Beat i7-10710U), 8GB RAM,‚Ä¶ https://t.co/eGuadf8P8I"
464,"RT @ItsJeffreyJeff: HP ELITEBOOK 830 G5 has been our best selling laptop this yearüòç

-8th gen i5,8gb Ram,256GB SSD non touch kes.38,000
-8t‚Ä¶"
465,ini HP gw kunci di brankas aja kali ya biar fokus ngerjain di laptop
466,"HP Elitebook 840 G3 Corei7 Touchscreen 8gb ram 256 gb SSD 14 inches screen, 2.8ghz speed,      work/student laptop‚Ä¶ https://t.co/mSrknIA7MZ"
467,ni gmn si konsepnya di laptop gue spotify kaga premium tp di hp premium üòÖ pdhl akunnya sama
468,"HP users feel it the most, the laptop randomly disconnects from WiFi and Bluetooth, forcing you to restart

Here's‚Ä¶ https://t.co/sVTn63ynPH"
469,"gue mantengin web pbsi daritadi, begitu jam 4 gue refresh dong. eh masuk-masuk waiting time nya udah 20 menit aja d‚Ä¶ https://t.co/C3X9BwbDeK"
470,"RT @ItsJeffreyJeff: HP ELITEBOOK 830 G5 has been our best selling laptop this yearüòç

-8th gen i5,8gb Ram,256GB SSD non touch kes.38,000
-8t‚Ä¶"
471,The HP #Envy #laptop gets $450 #price #cut in HP #Memorial #Day #sale https://t.co/TmJY2vQXGJ
472,"Laptop HP Envy X360 13-bf0092TU 76V59PA l√† d√≤ng m√°y t√≠nh m·ªèng nh·∫π cao c·∫•p, ph√π h·ª£p cho ng∆∞·ªùi d√πng l√† doanh nh√¢n, nh‚Ä¶ https://t.co/p39FRaM0yQ"
473,"RT @ItsJeffreyJeff: HP ELITEBOOK 830 G5 has been our best selling laptop this yearüòç

-8th gen i5,8gb Ram,256GB SSD non touch kes.38,000
-8t‚Ä¶"
474,"RT @ItsJeffreyJeff: HP ELITEBOOK 830 G5 has been our best selling laptop this yearüòç

-8th gen i5,8gb Ram,256GB SSD non touch kes.38,000
-8t‚Ä¶"
475,"M√°y t√≠nh x√°ch tay HP Envy X360 13-bf0095TU 76B15PA  to√°t l√™n s·ª± cao c·∫•p nh·ªù thi·∫øt k·∫ø nh·ªè g·ªçn, m·∫°nh m·∫Ω v√† ƒë·ªô m·ªèng ·∫•n‚Ä¶ https://t.co/3TRzR4g55O"
476,"RT @ItsJeffreyJeff: HP ELITEBOOK 830 G5 has been our best selling laptop this yearüòç

-8th gen i5,8gb Ram,256GB SSD non touch kes.38,000
-8t‚Ä¶"
477,"RT @ItsJeffreyJeff: HP ELITEBOOK 830 G5 has been our best selling laptop this yearüòç

-8th gen i5,8gb Ram,256GB SSD non touch kes.38,000
-8t‚Ä¶"
478,"RT @ItsJeffreyJeff: HP ELITEBOOK 830 G5 has been our best selling laptop this yearüòç

-8th gen i5,8gb Ram,256GB SSD non touch kes.38,000
-8t‚Ä¶"
479,ini 8 menit atau 0 menit si kok beda di hp sama laptop
480,"RT @ItsJeffreyJeff: HP ELITEBOOK 830 G5 has been our best selling laptop this yearüòç

-8th gen i5,8gb Ram,256GB SSD non touch kes.38,000
-8t‚Ä¶"
481,"RT @5N_Streams: 3 jam lagi MV DOXA ada di YT ‚ÄºÔ∏è

Mulai siap2 keys ‚ÄºÔ∏è

Siapin SEMUA gadget2 seperti HP, LAPTOP, TABLET, KOMPUTER dll.

Entah‚Ä¶"
482,"‚ÄºÔ∏èPROMO NETFLIX PREMIUM‚ÄºÔ∏è

1p1u
7 hari 12k
1 bln 33k

1p2u
1 bln 23k

‚úÖÔ∏è Bergaransi Trusted
‚úÖÔ∏è All device (TV Lapto‚Ä¶ https://t.co/aTJxvjnlNP"
483,"RT @ItsJeffreyJeff: HP ELITEBOOK 830 G5 has been our best selling laptop this yearüòç

-8th gen i5,8gb Ram,256GB SSD non touch kes.38,000
-8t‚Ä¶"
484,"RT @ItsJeffreyJeff: HP ELITEBOOK 830 G5 has been our best selling laptop this yearüòç

-8th gen i5,8gb Ram,256GB SSD non touch kes.38,000
-8t‚Ä¶"
485,"Laptop HP Envy 16-h0033TX 6K7F9PA v·ªõi thi·∫øt k·∫ø cao c·∫•p, linh ƒë·ªông, v·ªõi v·ªè ngo√†i m√†u b·∫°c to√°t l√™n s·ª± qu√Ω ph√°i, sang‚Ä¶ https://t.co/7ETNQ58xQ9"
486,"HP ELITEBOOK 830 G5 has been our best selling laptop this yearüòç

-8th gen i5,8gb Ram,256GB SSD non touch kes.38,000‚Ä¶ https://t.co/pGRd1ECgig"
487,You can also buy this model as part of an HP gaming laptop bundle which includes other helpful accessories like a g‚Ä¶ https://t.co/2noHyyNMls
488,Laptop HP Envy 16-h0034TX 6K7G0PA  ho√†n to√†n ph√π h·ª£p ƒë·ªÉ b·∫°n mang theo v√† s·ª≠ d·ª•ng ·ªü b·∫•t c·ª© n∆°i ƒë√¢u‚Ä¶ https://t.co/GnbNKBM6KD
489,"Portable OLED Monitors That Work with Steam Decks
One model that's perfect for those who want an OLED monitor that‚Ä¶ https://t.co/FUR5hN6WkA"
490,Brand Laptop Sleeve BAGSMART 13/15.6 Inch For HP DELL Notebook Carrying Bag Macbook Air Pro 13.3 Shockproof Case fo‚Ä¶ https://t.co/fyQkUpxNrT
491,"RT @PaonesStore: Ipo dukani karibuni sanaü´°

üî•Tunapatikana Posta Samora tower Opposite na jengo la NHC
.
.
.
.
.
#viral #technology #tech #h‚Ä¶"
492,"Ipo dukani karibuni sanaü´°

üî•Tunapatikana Posta Samora tower Opposite na jengo la NHC
.
.
.
.
.
#viral #technology‚Ä¶ https://t.co/fzJqww86Io"
493,"RT @NexZenMarket: HP 240 G8 (4K5D5PA) Laptop (Intel Core I3/ 11th Gen/ 8GB RAM/ 512GB SSD/ DOS/ 35.6 cm (14"") Diagonal, HD (1366 x 768), Mi‚Ä¶"
494,@LazadaPH @sam_yg HP Victus Gaming Laptop ang pinakanagustuhan ko. Superb kasi ang specs na perfect pang work and g‚Ä¶ https://t.co/JkiJjyHAmd
495,"‚óèYour No.1 #Laptop Plug in Kampala
‚Ä¢Buy or Fix your spoilt #Laptop
We got you covered with #Dell #Lenovo #Hp bulk s‚Ä¶ https://t.co/MJVRAon5hW"
496,"HP 2021 Pavilion 15.6 Touch-Screen Laptop 4 Core Intel i5-1035G1 16GB RAM 1TB SSD. Webcam with Micro
NOW: $849.99
W‚Ä¶ https://t.co/eKnMZUE4H8"
497,@LazadaPH @sam_yg HP Victus Gaming Laptop ang pinakanagustuhan ko. Superb kasi ang specs na perfect pang work and g‚Ä¶ https://t.co/DBIT9b53Kj
498,HP Chromebook 11-inch Laptop - MediaTek - MT8183 - 4 GB RAM - 32 GB eMMC Storage - 11 6-inch HD Display - with Chro‚Ä¶ https://t.co/on9ed9kxyr
499,"Get the Hp Elitebook x360 1030 G3 today and save BIGGGG! This amazing laptop is perfect for students, professionals‚Ä¶ https://t.co/NIuWcc4qPb"
500,LSS Laptop 15 15 6 Skin Cover with Colorful Blue Floral Pattern for HP Dell Lenovo Apple Asus Acer Compaq - Fits 13‚Ä¶ https://t.co/AeJN6O3SaG
501,"14""Laptop Privacy Screen Protector Compatible with HP/Dell/Asus/Acer/Sony/Samsung/Lenovo/Toshiba,16:9 Aspect Ratio‚Ä¶ https://t.co/0syckAveMh"
502,"RT @asep_rijal01: @5ecretNumber @JP_5ecretNumber @5N_TRENDS
#SECRET_NUMBER #DOXA
‚Äº REMINDER ‚Äº
Ini aturan ketika kalian mau streaming MV di‚Ä¶"
503,"RT @5N_Streams: 3 jam lagi MV DOXA ada di YT ‚ÄºÔ∏è

Mulai siap2 keys ‚ÄºÔ∏è

Siapin SEMUA gadget2 seperti HP, LAPTOP, TABLET, KOMPUTER dll.

Entah‚Ä¶"
504,@ShopeeID Tapi kok gak da yg nge-posting yg menang hp ato laptop ya min? Bahkan teriakan kemenangannya jg gak ada!
505,Dear @HP @HPIndia i bought hp victus laptop and my laptop is in warranty and now it has some problem in display so‚Ä¶ https://t.co/TEgsfmR7b9
506,"üíªIDEMA„ÄÅHP„Åã„Çâ
https://t.co/dMCHk4UDL8  

ÂàÜÈ°ûÔºö#„Ç´„Çπ„Çø„Éû

Á©∫‰∏≠„Å´ÁîªÈù¢„Çí‰∏¶„Åπ„Å¶„Éû„É´„ÉÅ„Çø„Çπ„ÇØ„Åå„Åß„Åç„Çã
AR„Ç∞„É©„ÇπÔºã„Éé„Éº„ÉàPC
https://t.co/zZSFJFTlxr"
507,"Dari hp sampe laptop, wifi-tethering, tetep ngga bisa @LPDP_RI https://t.co/staCAAaVA7"
508,"@fhrnnnnn_ pas itu di laptop, tadi di hp jugaüò´"
509,"@tokopedia Aku mau laptop,  Aku buka link di Hp emak aku aja ndak bisa, kakak. Dan kalau aku di kasih laptop, aku a‚Ä¶ https://t.co/KF2r7cNYzx"
510,"@worksfess Aku beli seken hp Elitebook 840 G5, kualitas masih bagus dan harga juga murah. Soalnya laptop lama aku (dell Inspiron) matotü•≤"
511,"dalam dilema. rasa macam nak ambil s22 ultra ja sebab dah biasa dengan samsung, pastu tgk review kat fb ramai cakap‚Ä¶ https://t.co/hxhyFEKylL"
512,13-15.6 Inch Laptop Bag Shoulder Handbag For Macbook Air M1 13 Case For Xiaomi Dell Hp Business Briefcase Laptop Co‚Ä¶ https://t.co/jB88dwnukP
513,Pre-cut Vinyl Laptop Sticker Skin For HP Probook 450 445 440 430 G8 G7 G6 G5 G4 Anti Scratch Waterproof Cover Film‚Ä¶ https://t.co/qOhxN7bDJm
514,"RT @asep_rijal01: @5ecretNumber @JP_5ecretNumber @5N_TRENDS
#SECRET_NUMBER #DOXA
‚Äº REMINDER ‚Äº
Ini aturan ketika kalian mau streaming MV di‚Ä¶"
515,"@undipmenfess wahh kebetulan nih kak, kami juga melayani service laptop dan Hp dimana kalau kami cara penanganan ny‚Ä¶ https://t.co/SiqRolXqcb"
516,"HP Stream 11 Pro G4 
4GB RAM 
64GB SSD 
Intel Celeron 
HDMI 
USB PORT 
SD Card Port 

PRICE: N100,000

...
RT if yo‚Ä¶ https://t.co/qvWscfNZS9"
517,"PD 65W Charger USB C Laptop Charger for MacBook, Dell/HP Laptops, iPad Galaxy S22/S21, Steam Deck, and More WBS4TJU‚Ä¶ https://t.co/53LZNPjNRJ"
518,@ECB001 Why is my HP laptop is slow in processing. Hata nikijaribu kuifungua it takes like 10min before ifunguke
519,"Q: ini gimana ya merah terus tiap mau simpan/save

A: gapapa kita merasakan hal yang sama ü•≤ kalo bisa coba ganti de‚Ä¶ https://t.co/UdipwBqIEg"
520,"@tanyarlfes beli laptop, hp, nonton konser kpop,beli baju, treatment, nyalon, parfum, byk deh"
521,"@5ecretNumber @JP_5ecretNumber @5N_TRENDS
#SECRET_NUMBER #DOXA
‚Äº REMINDER ‚Äº
Ini aturan ketika kalian mau streaming‚Ä¶ https://t.co/7uBYZ6qh7c"
522,@tokopedia Lagi nabung buat beli laptop baru merk HP yang ini nih min. Soalnya laptop yang lama udah usia 11 tahun‚Ä¶ https://t.co/DIc9bklJsP
523,"Visalia: ""The technician is very knowledgable and helpful.  My son dented the plastic lens on my HP laptop camera,‚Ä¶ https://t.co/nXzyUMy4sq"
524,"RT @kype_computers: Brilliance in craftsmanship, For the kings, not the slaves. 
HP Pavilion Laptop 14
*Intel¬Æ Core‚Ñ¢ i5-1255G7
*8 GB DDR4-3‚Ä¶"
525,@kochengfs Sama kaya eneng ü•≤ untungnya ga sampe kirim email sih. Cuman ngancurin laporan jadi banyak absjdkemalzzxx‚Ä¶ https://t.co/nhIrc2TFC6
526,"RT @5N_Streams: 3 jam lagi MV DOXA ada di YT ‚ÄºÔ∏è

Mulai siap2 keys ‚ÄºÔ∏è

Siapin SEMUA gadget2 seperti HP, LAPTOP, TABLET, KOMPUTER dll.

Entah‚Ä¶"
527,"@HPIndia @kempatel @geekyranjit @TechnicalGuruji @Lenovo_in @cromaretail @thetanmay 
Need help .. my Spector laptop‚Ä¶ https://t.co/6jWHnkjKjy"
528,"RT @BanannaP: Checking out 17"" AMD iGPU @HP laptops, and this one looks good in its base config + 1080p screen option (with post-purchase u‚Ä¶"
529,"RT @BanannaP: I understand that this laptop is on the cheaper side and this could be mitigated with a USB hub, but still, since when cheape‚Ä¶"
530,"RT @5N_Streams: 3 jam lagi MV DOXA ada di YT ‚ÄºÔ∏è

Mulai siap2 keys ‚ÄºÔ∏è

Siapin SEMUA gadget2 seperti HP, LAPTOP, TABLET, KOMPUTER dll.

Entah‚Ä¶"
531,RT @Kavishmehta93: @HPIndia @kempatel @kempatel  i am customer of hp Spector laptop . Bring to your notice that i had issue with my laptop‚Ä¶
532,"@PartaiSocmed kalo utang bank harusnya utk hal2 yg naik valuenya misal rumah,tanah,dsj..
kalo utk mobil/motor/lapto‚Ä¶ https://t.co/dhoOMvWPfG"
533,"RT @DSC_RPF_SWR_UBL: #RPFHubballiDivision Under #OperationAmanat On duty Anand Jangal, Head Constable/BGM secured left over Bag containing‚Ä¶"
534,"@OOTDFESS ini nderr totebag akuu dari SVGGEST
dia totebag ada resletingnya jadi aman bangett, muat laptop gaming, b‚Ä¶ https://t.co/xmPktOZYxd"
535,SATA Hard Drive HDD Connector Flex Cable For HP Pavilion 14-ce1001TU ENVY 15 15-j105tx 15-j Laptop DW15 6017B041680‚Ä¶ https://t.co/yPXTop0FFP
536,"HP Newest Pavilion 15.6‚Äù Laptop. Intel Pentium Quad-Core Processor. Micro-Edge Display. RJ-45 Ethern
NOW: $439.99
W‚Ä¶ https://t.co/tmjQmUvE6j"
537,@FriedKelapa Rasa cm x percaya je ü§£ nk transfer video tu dekat laptop tapi mcm berat gile sbb bnyk sgt video kt hp ni.
538,"RT @QualityGadgets_: Premium Used HP Spectre Pro G2 Laptop

256gb SSD | 8gb RAM | intel core i5 

14 inches screen | Touchscreen | x360

HD‚Ä¶"
539,"RT @INDOMYSPOTIFY: MY, menyambut kedatangan mas AgustD tolong yah, kita streaming party dulu lagu-lagunya Yoongi.
Ayok putar lagi playlist‚Ä¶"
540,"RT @5N_Streams: 3 jam lagi MV DOXA ada di YT ‚ÄºÔ∏è

Mulai siap2 keys ‚ÄºÔ∏è

Siapin SEMUA gadget2 seperti HP, LAPTOP, TABLET, KOMPUTER dll.

Entah‚Ä¶"
541,"RT @5N_Streams: 3 jam lagi MV DOXA ada di YT ‚ÄºÔ∏è

Mulai siap2 keys ‚ÄºÔ∏è

Siapin SEMUA gadget2 seperti HP, LAPTOP, TABLET, KOMPUTER dll.

Entah‚Ä¶"
542,"@ohmybeautybank tas doraemon ku yg semua nya masukü•≤üëç bawa laptop, charger hp, charger laptop, kabel olor, pouch mek‚Ä¶ https://t.co/rjiJ8BgNTs"
543,"RT @kring_pajak: @chamoine_ 4. Gunakan browser yang berbeda; 
5. Silakan mencoba dengan menggunakan perangkat lain, (contoh: komputer/lapto‚Ä¶"
544,"We Bulk buy Used Servers, Laptops, HP, Apple, Dell. Fast process same day payment. Contact us: üì± +919980196197
üìß in‚Ä¶ https://t.co/xkTJOMi758"
545,RT @UGM_FESS: Permisi ugm_fess teman2 bagi yang menemukan tas laptop HP Pavilion (Hitam ijo) berisi Laprak atas nama Widhi Adji Darma dari‚Ä¶
546,1/ US used HP Elite X2 1012 Laptop intel core M7SPECIFICATIONS:Intel core M7 Processor8gig of RAM256gig of SSD driv‚Ä¶ https://t.co/wvY8qtsMz3
547,"@unnesmenfess aku juga digituin kok hehe :) gara"" kakakku bisa masuk kedokteran, sedangkan aku gagal dan masuk huku‚Ä¶ https://t.co/ANHz8m41dm"
548,"RT @INDOMYSPOTIFY: MY, menyambut kedatangan mas AgustD tolong yah, kita streaming party dulu lagu-lagunya Yoongi.
Ayok putar lagi playlist‚Ä¶"
549,USB C Laptop Docking Station HUB To HDMI-compatible USB 3.0 Hub Adapter Type C HUB for MacBook Pro Lenovo ThinkPad‚Ä¶ https://t.co/yj6p4AdYFZ
550,"@abhishekankit10 @HPIndia Hi ABHISHEK 

Thanks for reaching out to us.
Could you share the serial number of your la‚Ä¶ https://t.co/w7CpBZwWkC"
551,"ni fotoo di hp gue kok banyak banget cok, males bgt pindahin ke laptopüòø"
552,"High quality HP EliteBook Folio 9480m laptop available for Sale at a giveaway price @InsideOsogbo
Prove of ownershi‚Ä¶ https://t.co/jLN4KV8s02"
553,"@siapaaaaa_aku tp td kucoba di hp bisa, di laptop gabisaa trs aku reinstall baru bisa wkwkwk"
554,@sp4cecar ini ada caranya tp kyknya cmn di laptop (gatau kl di hp) https://t.co/62spQnNcEG
555,"RT @5N_Streams: 3 jam lagi MV DOXA ada di YT ‚ÄºÔ∏è

Mulai siap2 keys ‚ÄºÔ∏è

Siapin SEMUA gadget2 seperti HP, LAPTOP, TABLET, KOMPUTER dll.

Entah‚Ä¶"
556,"RT @5N_Streams: 3 jam lagi MV DOXA ada di YT ‚ÄºÔ∏è

Mulai siap2 keys ‚ÄºÔ∏è

Siapin SEMUA gadget2 seperti HP, LAPTOP, TABLET, KOMPUTER dll.

Entah‚Ä¶"
557,"@rhythmndev Just so you know, SSD, Processor, RAM, and other little stuff are the things to look at when getting a‚Ä¶ https://t.co/ehICgb549U"
558,"Laptop üíª mfg. in India üáÆüá≥:

HP: CHN 
Dell: CHN
Lenovo: Pondy
Acer: Pondy+Noida

Missing: Apple (soon), Asus (soon),‚Ä¶ https://t.co/e4AvLYeBbb"
559,"RT @5N_Streams: 3 jam lagi MV DOXA ada di YT ‚ÄºÔ∏è

Mulai siap2 keys ‚ÄºÔ∏è

Siapin SEMUA gadget2 seperti HP, LAPTOP, TABLET, KOMPUTER dll.

Entah‚Ä¶"
560,"@literarybase Di hp juga bisa sih, tapi lebih gede di laptop wkwk"
561,"RT @unnesmenfess: -ness tolong kalo ada yg nemuin/jual laptop HP warna silver ada stiker kartun2 kayak gitu, laptop temenku ilang di gang c‚Ä¶"
562,"RT @5N_Streams: 3 jam lagi MV DOXA ada di YT ‚ÄºÔ∏è

Mulai siap2 keys ‚ÄºÔ∏è

Siapin SEMUA gadget2 seperti HP, LAPTOP, TABLET, KOMPUTER dll.

Entah‚Ä¶"
563,"RT @5N_Streams: 3 jam lagi MV DOXA ada di YT ‚ÄºÔ∏è

Mulai siap2 keys ‚ÄºÔ∏è

Siapin SEMUA gadget2 seperti HP, LAPTOP, TABLET, KOMPUTER dll.

Entah‚Ä¶"
564,"Jangankan laptop, pake hp juga bisa kalo kucing gue. https://t.co/42Zc4oJFsx https://t.co/FrBGWqZHUZ"
565,"RT @kanyi_254: You all need a quality laptop with a good processor visit @ECB001 and get one.
üîπPRICE KSH 34000üí•
üîπHP PROBOOK 430 G5 8TH GEN‚Ä¶"
566,"@Overkill_PCs @secretlabchairs @Phanteks @CORSAIR I really hope I win this', I always wanted to have a great experi‚Ä¶ https://t.co/NUeYW97Ku6"
567,RT @UGM_FESS: Permisi ugm_fess teman2 bagi yang menemukan tas laptop HP Pavilion (Hitam ijo) berisi Laprak atas nama Widhi Adji Darma dari‚Ä¶
568,"RT @5N_Streams: 3 jam lagi MV DOXA ada di YT ‚ÄºÔ∏è

Mulai siap2 keys ‚ÄºÔ∏è

Siapin SEMUA gadget2 seperti HP, LAPTOP, TABLET, KOMPUTER dll.

Entah‚Ä¶"
569,"HP EliteBook 840 G3
14"" FHD Screen
Core i5
6th Generation
8GB RAM, 256GB SSD
Refurbished

90 Days Warranty
Price: K‚Ä¶ https://t.co/TzfdLuszZi"
570,"HP Probook 6560b
 Core i5 
4GB Memory 
500GB Hard Disk
 15.6"" Display
@19000

Call / WhatsApp 
+254 727 556 795
+25‚Ä¶ https://t.co/0Yne0IgCny"
571,Hp spectre Silver Edition Gem Cut X360 /core i7 10th generation/16GB Ram/512GB SSD/13 Inch display/Touchscreen/Back‚Ä¶ https://t.co/1asavjr2jC
572,Permisi ugm_fess teman2 bagi yang menemukan tas laptop HP Pavilion (Hitam ijo) berisi Laprak atas nama Widhi Adji D‚Ä¶ https://t.co/9d57vAxOXg
573,"Your Laptop giving you trouble? Don't worry, we've got you covered! We provide the best and one stop solutions for‚Ä¶ https://t.co/JlMDB4yfXI"
574,"Laptop Model : HP-15DA
Issues/Repair : Dust blocking, Overheat/Board Services 
.
We provide Apple Mac, Macbook, Com‚Ä¶ https://t.co/U43yTMASHa"
575,"RT @5N_Streams: 3 jam lagi MV DOXA ada di YT ‚ÄºÔ∏è

Mulai siap2 keys ‚ÄºÔ∏è

Siapin SEMUA gadget2 seperti HP, LAPTOP, TABLET, KOMPUTER dll.

Entah‚Ä¶"
576,"@notyourshin Biasanya hp yang begitu, baru kali ini liat di laptop"
577,"HP Elitebook 8460p 
Core i5 
4GB Memory 
500GB Hard Disk 
14"" display
Windows 10 
@19000

Call / WhatsApp 
+254 727‚Ä¶ https://t.co/sE22dEJhPl"
578,"guys mau nanya dong, buat yg mindahin video dr hp ke laptop biar qualitasnya sama tuh gmn ya? especially yg pake ip‚Ä¶ https://t.co/NxDwUiZ5k6"
579,@convomf Bisa ga sih nama wifi nya di ganti lewat hp/laptop gitu?
580,"IH MEME KU DIKIT BANGETü•≤ü•≤ü•≤ü•≤

semenjak pindah folder ke laptop, meme di hp berkurang ü•πü•πü•π"
581,@dsertoo jgn pke wifi terus login di web. kl di laptop coba ganti wifinya pke hotspot hp
